<?xml version="1.0" encoding="UTF-8"?>
<con:soapui-project id="17ba2ad6-47cb-499e-93b0-d9e528993618" activeEnvironment="Default" name="MREM-1405 &amp; MREM-1406 Fund Transaction Details" resourceRoot="" soapui-version="5.4.0" abortOnError="false" runType="SEQUENTIAL" xmlns:con="http://eviware.com/soapui/config"><con:settings/><con:interface xsi:type="con:RestService" id="9bff4b2a-8540-489c-8cf7-b5cc301f91b6" wadlVersion="http://wadl.dev.java.net/2009/02" name="http://10.144.66.146:5500" type="rest" xmlns:xsi="http://www.w3.org/2001/XMLSchema-instance"><con:settings/><con:definitionCache/><con:endpoints><con:endpoint>http://10.144.66.146:5500</con:endpoint></con:endpoints><con:resource name="FundTransactionsDetails" path="/ws/fund-business-apis-v1/funds/fundTransactions" id="6cda043a-6858-429f-8413-bf97bbb8fbab"><con:settings/><con:parameters/><con:method name="FundTransactionsDetails" id="d40269a5-4e45-4533-a1e1-7cf8465a74d9" method="POST"><con:settings/><con:parameters/><con:representation type="FAULT"><con:mediaType xsi:nil="true"/><con:status>405</con:status><con:params/><con:element>data</con:element></con:representation><con:representation type="REQUEST"><con:mediaType>application/json</con:mediaType><con:params/></con:representation><con:representation type="FAULT"><con:mediaType xsi:nil="true"/><con:status>405</con:status><con:params/><con:element>data</con:element></con:representation><con:representation type="FAULT"><con:mediaType>application/json; charset=UTF-8</con:mediaType><con:status>400 405 500</con:status><con:params/><con:element xmlns:fun="http://10.144.66.146/rest/AXAHK_BusinessAPI/v1/restsvc/fund/funds/fundTransaction">fun:Fault</con:element></con:representation><con:representation type="RESPONSE"><con:mediaType>application/json; charset=UTF-8</con:mediaType><con:status>200</con:status><con:params/><con:element xmlns:fun="http://10.144.66.146/rest/AXAHK_BusinessAPI/v1/restsvc/fund/funds/fundTransaction">fun:Response</con:element></con:representation><con:representation type="RESPONSE"><con:mediaType xsi:nil="true"/><con:status>0</con:status><con:params/><con:element>data</con:element></con:representation><con:representation type="RESPONSE"><con:mediaType xsi:nil="true"/><con:status>0</con:status><con:params/><con:element>data</con:element></con:representation><con:request name="FTD_01 - When 'requestType=1' create new record for fundAllocationDetails" id="aa096255-098d-483d-8c49-17f5c473b5ff" mediaType="application/json" postQueryString="false"><con:settings><con:setting id="com.eviware.soapui.impl.wsdl.WsdlRequest@request-headers"><![CDATA[<xml-fragment xmlns:con="http://eviware.com/soapui/config">
  <con:entry key="x-axahk-channelcode" value="MyAXA"/>
  <con:entry key="x-axahk-msgid" value="test"/>
  <con:entry key="x-axahk-lob" value="Life"/>
  <con:entry key="x-axahk-sourcesystem" value="RLS"/>
</xml-fragment>]]></con:setting></con:settings><con:endpoint>http://10.144.66.148:5590</con:endpoint><con:request>{
  "fundTransactionsDetails": {
		  "policyNumber": "TestCase1",
		  "requestNumber": "1",
            "submissionDate": "2018-07-23",
            "requestType": "1",
		
          "fundAllocationDetails": {
                "fundCode": "1",
                "allocationPercentage": "1",
                "accountCode": "1"
				}
            
}
}</con:request><con:originalUri>http://10.144.66.146/rest/AXAHK_BusinessAPI/v1/restsvc/fund/funds/fundTransaction</con:originalUri><con:credentials><con:selectedAuthProfile>No Authorization</con:selectedAuthProfile><con:addedBasicAuthenticationTypes>Basic</con:addedBasicAuthenticationTypes><con:authType>No Authorization</con:authType></con:credentials><con:jmsConfig JMSDeliveryMode="PERSISTENT"/><con:jmsPropertyConfig/><con:parameters/></con:request><con:request name="FTD_02 - When 'requestType=2' and 'switchCode=IN' create new record for 'switchInDetails'" id="aa096255-098d-483d-8c49-17f5c473b5ff" mediaType="application/json" postQueryString="false"><con:settings><con:setting id="com.eviware.soapui.impl.wsdl.WsdlRequest@request-headers"><![CDATA[<xml-fragment xmlns:con="http://eviware.com/soapui/config">
  <con:entry key="x-axahk-msgid" value="1"/>
  <con:entry key="x-axahk-sourcesystem" value="RLS"/>
  <con:entry key="x-axahk-channelcode" value="MyAXA"/>
  <con:entry key="x-axahk-lob" value="Life"/>
</xml-fragment>]]></con:setting></con:settings><con:endpoint>http://10.144.66.148:5590</con:endpoint><con:request>{
  "fundTransactionsDetails": {
		  "policyNumber": "TEST_SD",
		  "requestNumber": "1",
            "submissionDate": "2018-07-23",
            "requestType": "2",
		
          "switchInDetails": {
                 "fundCode": "1",
                 "allocationPercentage": "1",
                 "accountCode": "1",
                 "switchCode": "IN"
          }
}
}</con:request><con:originalUri>http://10.144.66.146/rest/AXAHK_BusinessAPI/v1/restsvc/fund/funds/fundTransaction</con:originalUri><con:credentials><con:authType>No Authorization</con:authType></con:credentials><con:jmsConfig JMSDeliveryMode="PERSISTENT"/><con:jmsPropertyConfig/><con:parameters/></con:request><con:request name="FTD_03 - When 'requestType=2' and 'switchCode=OUT' create new record for 'switchOutDetails'" id="aa096255-098d-483d-8c49-17f5c473b5ff" mediaType="application/json" postQueryString="false"><con:settings><con:setting id="com.eviware.soapui.impl.wsdl.WsdlRequest@request-headers"><![CDATA[<xml-fragment xmlns:con="http://eviware.com/soapui/config">
  <con:entry key="x-axahk-msgid" value="1"/>
  <con:entry key="x-axahk-sourcesystem" value="RLS"/>
  <con:entry key="x-axahk-channelcode" value="MyAXA"/>
  <con:entry key="x-axahk-lob" value="Life"/>
</xml-fragment>]]></con:setting></con:settings><con:endpoint>http://10.144.66.148:5590</con:endpoint><con:request>{
  "fundTransactionsDetails": {
		  "policyNumber": "TEST_SD",
		  "requestNumber": "1",
            "submissionDate": "2018-07-23",
            "requestType": "2",
		
        "switchOutDetails": {
                  "fundCode": "1",
                  "numberOfUnits": "1",
                  "accountCode": "1",
                  "switchCode": "OUT"
			}

}
}</con:request><con:originalUri>http://10.144.66.146/rest/AXAHK_BusinessAPI/v1/restsvc/fund/funds/fundTransaction</con:originalUri><con:credentials><con:authType>No Authorization</con:authType></con:credentials><con:jmsConfig JMSDeliveryMode="PERSISTENT"/><con:jmsPropertyConfig/><con:parameters/></con:request><con:request name="FTD_04 - Missing request parameter: requestType is null or blank" id="aa096255-098d-483d-8c49-17f5c473b5ff" mediaType="application/json" postQueryString="false"><con:settings><con:setting id="com.eviware.soapui.impl.wsdl.WsdlRequest@request-headers"><![CDATA[<xml-fragment xmlns:con="http://eviware.com/soapui/config">
  <con:entry key="x-axahk-msgid" value="3"/>
  <con:entry key="x-axahk-sourcesystem" value="RLS"/>
  <con:entry key="x-axahk-channelcode" value="MyAXA"/>
  <con:entry key="x-axahk-lob" value="Life"/>
</xml-fragment>]]></con:setting></con:settings><con:endpoint>http://10.144.66.148:5590</con:endpoint><con:request>{
  "fundTransactionsDetails": {
		  "policyNumber": "1",
		  "requestNumber": "1",
            "submissionDate": "2018-07-23",
            "requestType": ""
		

}
}</con:request><con:originalUri>http://10.144.66.146/rest/AXAHK_BusinessAPI/v1/restsvc/fund/funds/fundTransaction</con:originalUri><con:credentials><con:authType>No Authorization</con:authType></con:credentials><con:jmsConfig JMSDeliveryMode="PERSISTENT"/><con:jmsPropertyConfig/><con:parameters/></con:request><con:request name="FTD_05 - Missing request parameter: when 'requestType=1' but 'fundAllocationDetails' doc is not present" id="aa096255-098d-483d-8c49-17f5c473b5ff" mediaType="application/json" postQueryString="false"><con:settings><con:setting id="com.eviware.soapui.impl.wsdl.WsdlRequest@request-headers"><![CDATA[<xml-fragment xmlns:con="http://eviware.com/soapui/config">
  <con:entry key="x-axahk-msgid" value="1"/>
  <con:entry key="x-axahk-sourcesystem" value="RLS"/>
  <con:entry key="x-axahk-channelcode" value="MyAXA"/>
  <con:entry key="x-axahk-lob" value="Life"/>
</xml-fragment>]]></con:setting></con:settings><con:endpoint>http://10.144.66.148:5590</con:endpoint><con:request>{
  "fundTransactionsDetails": {
		  "policyNumber": "1",
		  "requestNumber": "1",
            "submissionDate": "2018-07-23",
            "requestType": "1"


}
}</con:request><con:originalUri>http://10.144.66.146/rest/AXAHK_BusinessAPI/v1/restsvc/fund/funds/fundTransaction</con:originalUri><con:credentials><con:authType>No Authorization</con:authType></con:credentials><con:jmsConfig JMSDeliveryMode="PERSISTENT"/><con:jmsPropertyConfig/><con:parameters/></con:request><con:request name="FTD_06 - Missing request parameter: when 'requestType=2'  but 'switchInDetails' or 'switchOutDetails' is not present" id="aa096255-098d-483d-8c49-17f5c473b5ff" mediaType="application/json" postQueryString="false"><con:settings><con:setting id="com.eviware.soapui.impl.wsdl.WsdlRequest@request-headers"><![CDATA[<xml-fragment xmlns:con="http://eviware.com/soapui/config">
  <con:entry key="x-axahk-msgid" value="1"/>
  <con:entry key="x-axahk-sourcesystem" value="RLS"/>
  <con:entry key="x-axahk-channelcode" value="MyAXA"/>
  <con:entry key="x-axahk-lob" value="Life"/>
</xml-fragment>]]></con:setting></con:settings><con:endpoint>http://10.144.66.148:5590</con:endpoint><con:request>{
  "fundTransactionsDetails": {
		  "policyNumber": "1",
		  "requestNumber": "1",
            "submissionDate": "2018-07-23",
            "requestType": "2"
		
        
}
}</con:request><con:originalUri>http://10.144.66.146/rest/AXAHK_BusinessAPI/v1/restsvc/fund/funds/fundTransaction</con:originalUri><con:credentials><con:authType>No Authorization</con:authType></con:credentials><con:jmsConfig JMSDeliveryMode="PERSISTENT"/><con:jmsPropertyConfig/><con:parameters/></con:request><con:request name="FTD_07 - Invalid request parameter: requestType" id="aa096255-098d-483d-8c49-17f5c473b5ff" mediaType="application/json" postQueryString="false"><con:settings><con:setting id="com.eviware.soapui.impl.wsdl.WsdlRequest@request-headers"><![CDATA[<xml-fragment xmlns:con="http://eviware.com/soapui/config">
  <con:entry key="x-axahk-msgid" value="1"/>
  <con:entry key="x-axahk-sourcesystem" value="RLS"/>
  <con:entry key="x-axahk-channelcode" value="MyAXA"/>
  <con:entry key="x-axahk-lob" value="Life"/>
</xml-fragment>]]></con:setting></con:settings><con:endpoint>http://10.144.66.148:5590</con:endpoint><con:request>{
  "fundTransactionsDetails": {
		  "policyNumber": "1",
		  "requestNumber": "1",
            "submissionDate": "2018-07-23",
            "requestType": "3"
		

}
}</con:request><con:originalUri>http://10.144.66.146/rest/AXAHK_BusinessAPI/v1/restsvc/fund/funds/fundTransaction</con:originalUri><con:credentials><con:authType>No Authorization</con:authType></con:credentials><con:jmsConfig JMSDeliveryMode="PERSISTENT"/><con:jmsPropertyConfig/><con:parameters/></con:request><con:request name="FTD_08 - Missing request parameter: policyNumber is null or blank" id="aa096255-098d-483d-8c49-17f5c473b5ff" mediaType="application/json" postQueryString="false"><con:settings><con:setting id="com.eviware.soapui.impl.wsdl.WsdlRequest@request-headers"><![CDATA[<xml-fragment xmlns:con="http://eviware.com/soapui/config">
  <con:entry key="x-axahk-msgid" value="1"/>
  <con:entry key="x-axahk-sourcesystem" value="RLS"/>
  <con:entry key="x-axahk-channelcode" value="MyAXA"/>
  <con:entry key="x-axahk-lob" value="Life"/>
</xml-fragment>]]></con:setting></con:settings><con:endpoint>http://10.144.66.148:5590</con:endpoint><con:request>{
  "fundTransactionsDetails": {
		  "policyNumber": "",
		  "requestNumber": "1",
            "submissionDate": "2018-07-23",
            "requestType": "1",
            "fundAllocationDetails": {
                "fundCode": "1",
                "allocationPercentage": "1",
                "accountCode": "1"
				}
		

}
}</con:request><con:originalUri>http://10.144.66.146/rest/AXAHK_BusinessAPI/v1/restsvc/fund/funds/fundTransaction</con:originalUri><con:credentials><con:authType>No Authorization</con:authType></con:credentials><con:jmsConfig JMSDeliveryMode="PERSISTENT"/><con:jmsPropertyConfig/><con:parameters/></con:request><con:request name="FTD_09 - Missing request parameter: requestNumber is null or blank" id="aa096255-098d-483d-8c49-17f5c473b5ff" mediaType="application/json" postQueryString="false"><con:settings><con:setting id="com.eviware.soapui.impl.wsdl.WsdlRequest@request-headers"><![CDATA[<xml-fragment xmlns:con="http://eviware.com/soapui/config">
  <con:entry key="x-axahk-msgid" value="1"/>
  <con:entry key="x-axahk-sourcesystem" value="RLS"/>
  <con:entry key="x-axahk-channelcode" value="MyAXA"/>
  <con:entry key="x-axahk-lob" value="Life"/>
</xml-fragment>]]></con:setting></con:settings><con:endpoint>http://10.144.66.148:5590</con:endpoint><con:request>{
  "fundTransactionsDetails": {
		  "policyNumber": "1",
		  "requestNumber": "",
            "submissionDate": "2018-07-23",
            "requestType": "1",
            "fundAllocationDetails": {
                "fundCode": "1",
                "allocationPercentage": "1",
                "accountCode": "1"
				}
		

}
}</con:request><con:originalUri>http://10.144.66.146/rest/AXAHK_BusinessAPI/v1/restsvc/fund/funds/fundTransaction</con:originalUri><con:credentials><con:authType>No Authorization</con:authType></con:credentials><con:jmsConfig JMSDeliveryMode="PERSISTENT"/><con:jmsPropertyConfig/><con:parameters/></con:request><con:request name="FTD_10 - Missing request parameter: submissionDate is null or blank" id="aa096255-098d-483d-8c49-17f5c473b5ff" mediaType="application/json" postQueryString="false"><con:settings><con:setting id="com.eviware.soapui.impl.wsdl.WsdlRequest@request-headers"><![CDATA[<xml-fragment xmlns:con="http://eviware.com/soapui/config">
  <con:entry key="x-axahk-msgid" value="1"/>
  <con:entry key="x-axahk-sourcesystem" value="RLS"/>
  <con:entry key="x-axahk-channelcode" value="MyAXA"/>
  <con:entry key="x-axahk-lob" value="Life"/>
</xml-fragment>]]></con:setting></con:settings><con:endpoint>http://10.144.66.148:5590</con:endpoint><con:request>{
  "fundTransactionsDetails": {
		  "policyNumber": "1",
		  "requestNumber": "1",
            "submissionDate": "",
            "requestType": "2"
		

}
}</con:request><con:originalUri>http://10.144.66.146/rest/AXAHK_BusinessAPI/v1/restsvc/fund/funds/fundTransaction</con:originalUri><con:credentials><con:authType>No Authorization</con:authType></con:credentials><con:jmsConfig JMSDeliveryMode="PERSISTENT"/><con:jmsPropertyConfig/><con:parameters/></con:request><con:request name="FTD_11 - Invalid request parameter: submissionDate" id="aa096255-098d-483d-8c49-17f5c473b5ff" mediaType="application/json" postQueryString="false"><con:settings><con:setting id="com.eviware.soapui.impl.wsdl.WsdlRequest@request-headers"><![CDATA[<xml-fragment xmlns:con="http://eviware.com/soapui/config">
  <con:entry key="x-axahk-msgid" value="4"/>
  <con:entry key="x-axahk-sourcesystem" value="RLS"/>
  <con:entry key="x-axahk-channelcode" value="MyAXA"/>
  <con:entry key="x-axahk-lob" value="Life"/>
</xml-fragment>]]></con:setting></con:settings><con:endpoint>http://10.144.66.148:5590</con:endpoint><con:request>{
  "fundTransactionsDetails": {
		  "policyNumber": "1",
		  "requestNumber": "1",
            "submissionDate": "20180212",
            "requestType": "2"
		

}
}</con:request><con:originalUri>http://10.144.66.146/rest/AXAHK_BusinessAPI/v1/restsvc/fund/funds/fundTransaction</con:originalUri><con:credentials><con:authType>No Authorization</con:authType></con:credentials><con:jmsConfig JMSDeliveryMode="PERSISTENT"/><con:jmsPropertyConfig/><con:parameters/></con:request><con:request name="FTD_12 - Missing request parameter: when 'requestType=1' and 'fundCode'=blank or null'" id="aa096255-098d-483d-8c49-17f5c473b5ff" mediaType="application/json" postQueryString="false"><con:settings><con:setting id="com.eviware.soapui.impl.wsdl.WsdlRequest@request-headers"><![CDATA[<xml-fragment xmlns:con="http://eviware.com/soapui/config">
  <con:entry key="x-axahk-msgid" value="1"/>
  <con:entry key="x-axahk-sourcesystem" value="RLS"/>
  <con:entry key="x-axahk-channelcode" value="MyAXA"/>
  <con:entry key="x-axahk-lob" value="Life"/>
</xml-fragment>]]></con:setting></con:settings><con:endpoint>http://10.144.66.148:5590</con:endpoint><con:request>	{
	  "fundTransactionsDetails": {
			  "policyNumber": "TEST_FAD",
			  "requestNumber": "1",
	            "submissionDate": "2018-07-23",
	            "requestType": "1",
			
	          "fundAllocationDetails": {
	                "fundCode": "",
	                "allocationPercentage": "1",
	                "accountCode": "1"
					}
	            
	}
	}</con:request><con:originalUri>http://10.144.66.146/rest/AXAHK_BusinessAPI/v1/restsvc/fund/funds/fundTransaction</con:originalUri><con:credentials><con:authType>No Authorization</con:authType></con:credentials><con:jmsConfig JMSDeliveryMode="PERSISTENT"/><con:jmsPropertyConfig/><con:parameters/></con:request><con:request name="FTD_13 - When 'requestType=1' and 'allocationPercentage'= 'null' insert new record for fundAllocationDetails" id="aa096255-098d-483d-8c49-17f5c473b5ff" mediaType="application/json" postQueryString="false"><con:settings><con:setting id="com.eviware.soapui.impl.wsdl.WsdlRequest@request-headers"><![CDATA[<xml-fragment xmlns:con="http://eviware.com/soapui/config">
  <con:entry key="x-axahk-msgid" value="1"/>
  <con:entry key="x-axahk-sourcesystem" value="RLS"/>
  <con:entry key="x-axahk-channelcode" value="MyAXA"/>
  <con:entry key="x-axahk-lob" value="Life"/>
</xml-fragment>]]></con:setting></con:settings><con:endpoint>http://10.144.66.148:5590</con:endpoint><con:request>{
  "fundTransactionsDetails": {
		  "policyNumber": "TEST_FAD",
		  "requestNumber": "1",
            "submissionDate": "2018-07-23",
            "requestType": "1",
		
          "fundAllocationDetails": {
                "fundCode": "1",
                "allocationPercentage": null,
                "accountCode": "1"
				}
            
}
}</con:request><con:originalUri>http://10.144.66.146/rest/AXAHK_BusinessAPI/v1/restsvc/fund/funds/fundTransaction</con:originalUri><con:credentials><con:authType>No Authorization</con:authType></con:credentials><con:jmsConfig JMSDeliveryMode="PERSISTENT"/><con:jmsPropertyConfig/><con:parameters/></con:request><con:request name="FTD_14 - Missing request parameter: when 'requestType=1' and 'accountCode'=blank or null'" id="aa096255-098d-483d-8c49-17f5c473b5ff" mediaType="application/json" postQueryString="false"><con:settings><con:setting id="com.eviware.soapui.impl.wsdl.WsdlRequest@request-headers"><![CDATA[<xml-fragment xmlns:con="http://eviware.com/soapui/config">
  <con:entry key="x-axahk-msgid" value="1"/>
  <con:entry key="x-axahk-sourcesystem" value="RLS"/>
  <con:entry key="x-axahk-channelcode" value="MyAXA"/>
  <con:entry key="x-axahk-lob" value="Life"/>
</xml-fragment>]]></con:setting></con:settings><con:endpoint>http://10.144.66.148:5590</con:endpoint><con:request>{
  "fundTransactionsDetails": {
		  "policyNumber": "TEST_FAD",
		  "requestNumber": "1",
            "submissionDate": "2018-07-23",
            "requestType": "1",
		
          "fundAllocationDetails": {
                "fundCode": "1",
                "allocationPercentage": "1",
                "accountCode": ""
				}
            
}
}</con:request><con:originalUri>http://10.144.66.146/rest/AXAHK_BusinessAPI/v1/restsvc/fund/funds/fundTransaction</con:originalUri><con:credentials><con:authType>No Authorization</con:authType></con:credentials><con:jmsConfig JMSDeliveryMode="PERSISTENT"/><con:jmsPropertyConfig/><con:parameters/></con:request><con:request name="FTD_15 - Missing request parameter: when 'requestType=2' , 'switchInDetails' doc is passed and 'fundCode = blank or null'" id="aa096255-098d-483d-8c49-17f5c473b5ff" mediaType="application/json" postQueryString="false"><con:settings><con:setting id="com.eviware.soapui.impl.wsdl.WsdlRequest@request-headers"><![CDATA[<xml-fragment xmlns:con="http://eviware.com/soapui/config">
  <con:entry key="x-axahk-msgid" value="1"/>
  <con:entry key="x-axahk-sourcesystem" value="RLS"/>
  <con:entry key="x-axahk-channelcode" value="MyAXA"/>
  <con:entry key="x-axahk-lob" value="Life"/>
</xml-fragment>]]></con:setting></con:settings><con:endpoint>http://10.144.66.148:5590</con:endpoint><con:request>{
  "fundTransactionsDetails": {
		  "policyNumber": "1",
		  "requestNumber": "1",
            "submissionDate": "2018-07-23",
            "requestType": "2",
		
          "switchInDetails": {
                 "fundCode": "",
                 "allocationPercentage": "1",
                 "accountCode": "1",
                 "switchCode": "IN"
          }
}
}</con:request><con:originalUri>http://10.144.66.146/rest/AXAHK_BusinessAPI/v1/restsvc/fund/funds/fundTransaction</con:originalUri><con:credentials><con:authType>No Authorization</con:authType></con:credentials><con:jmsConfig JMSDeliveryMode="PERSISTENT"/><con:jmsPropertyConfig/><con:parameters/></con:request><con:request name="FTD_16 -  When 'requestType=2' , 'switchInDetails' doc is passed and 'allocationPercentage = null' insert new record for switchInDetails" id="aa096255-098d-483d-8c49-17f5c473b5ff" mediaType="application/json" postQueryString="false"><con:settings><con:setting id="com.eviware.soapui.impl.wsdl.WsdlRequest@request-headers"><![CDATA[<xml-fragment xmlns:con="http://eviware.com/soapui/config">
  <con:entry key="x-axahk-msgid" value="1"/>
  <con:entry key="x-axahk-sourcesystem" value="RLS"/>
  <con:entry key="x-axahk-channelcode" value="MyAXA"/>
  <con:entry key="x-axahk-lob" value="Life"/>
</xml-fragment>]]></con:setting></con:settings><con:endpoint>http://10.144.66.148:5590</con:endpoint><con:request>{
  "fundTransactionsDetails": {
		  "policyNumber": "1",
		  "requestNumber": "1",
            "submissionDate": "2018-07-23",
            "requestType": "2",
		
          "switchInDetails": {
                 "fundCode": "1",
                 "allocationPercentage": null,
                 "accountCode": "1",
                 "switchCode": "IN"
          }
}
}</con:request><con:originalUri>http://10.144.66.146/rest/AXAHK_BusinessAPI/v1/restsvc/fund/funds/fundTransaction</con:originalUri><con:credentials><con:authType>No Authorization</con:authType></con:credentials><con:jmsConfig JMSDeliveryMode="PERSISTENT"/><con:jmsPropertyConfig/><con:parameters/></con:request><con:request name="FTD_17 - Missing request parameter: when 'requestType=2' , 'switchInDetails' doc is passed and 'accountCode = blank or null'" id="aa096255-098d-483d-8c49-17f5c473b5ff" mediaType="application/json" postQueryString="false"><con:settings><con:setting id="com.eviware.soapui.impl.wsdl.WsdlRequest@request-headers"><![CDATA[<xml-fragment xmlns:con="http://eviware.com/soapui/config">
  <con:entry key="x-axahk-msgid" value="1"/>
  <con:entry key="x-axahk-sourcesystem" value="RLS"/>
  <con:entry key="x-axahk-channelcode" value="MyAXA"/>
  <con:entry key="x-axahk-lob" value="Life"/>
</xml-fragment>]]></con:setting></con:settings><con:endpoint>http://10.144.66.148:5590</con:endpoint><con:request>{
  "fundTransactionsDetails": {
		  "policyNumber": "1",
		  "requestNumber": "1",
            "submissionDate": "2018-07-23",
            "requestType": "2",
		
          "switchInDetails": {
                 "fundCode": "1",
                 "allocationPercentage": "1",
                 "accountCode": "",
                 "switchCode": "IN"
          }
}
}</con:request><con:originalUri>http://10.144.66.146/rest/AXAHK_BusinessAPI/v1/restsvc/fund/funds/fundTransaction</con:originalUri><con:credentials><con:authType>No Authorization</con:authType></con:credentials><con:jmsConfig JMSDeliveryMode="PERSISTENT"/><con:jmsPropertyConfig/><con:parameters/></con:request><con:request name="FTD_18 - Missing request parameter: when 'requestType=2' , 'switchInDetails' doc is passed and 'switchCode = blank or null'" id="aa096255-098d-483d-8c49-17f5c473b5ff" mediaType="application/json" postQueryString="false"><con:settings><con:setting id="com.eviware.soapui.impl.wsdl.WsdlRequest@request-headers"><![CDATA[<xml-fragment xmlns:con="http://eviware.com/soapui/config">
  <con:entry key="x-axahk-msgid" value="1"/>
  <con:entry key="x-axahk-sourcesystem" value="RLS"/>
  <con:entry key="x-axahk-channelcode" value="MyAXA"/>
  <con:entry key="x-axahk-lob" value="Life"/>
</xml-fragment>]]></con:setting></con:settings><con:endpoint>http://10.144.66.148:5590</con:endpoint><con:request>{
  "fundTransactionsDetails": {
		  "policyNumber": "1",
		  "requestNumber": "1",
            "submissionDate": "2018-07-23",
            "requestType": "2",
		
          "switchInDetails": {
                 "fundCode": "1",
                 "allocationPercentage": "1",
                 "accountCode": "1",
                 "switchCode": ""
          }
}
}</con:request><con:originalUri>http://10.144.66.146/rest/AXAHK_BusinessAPI/v1/restsvc/fund/funds/fundTransaction</con:originalUri><con:credentials><con:authType>No Authorization</con:authType></con:credentials><con:jmsConfig JMSDeliveryMode="PERSISTENT"/><con:jmsPropertyConfig/><con:parameters/></con:request><con:request name="FTD_19 - Invalid request parameter: when 'requestType=2' , 'switchInDetails' doc is passed and 'switchCode is not IN'" id="aa096255-098d-483d-8c49-17f5c473b5ff" mediaType="application/json" postQueryString="false"><con:settings><con:setting id="com.eviware.soapui.impl.wsdl.WsdlRequest@request-headers"><![CDATA[<xml-fragment xmlns:con="http://eviware.com/soapui/config">
  <con:entry key="x-axahk-msgid" value="1"/>
  <con:entry key="x-axahk-sourcesystem" value="RLS"/>
  <con:entry key="x-axahk-channelcode" value="MyAXA"/>
  <con:entry key="x-axahk-lob" value="Life"/>
</xml-fragment>]]></con:setting></con:settings><con:endpoint>http://10.144.66.148:5590</con:endpoint><con:request>{
  "fundTransactionsDetails": {
		  "policyNumber": "1",
		  "requestNumber": "1",
            "submissionDate": "2018-07-23",
            "requestType": "2",
		
          "switchInDetails": {
                 "fundCode": "1",
                 "allocationPercentage": "1",
                 "accountCode": "1",
                 "switchCode": "xxx"
          }
}
}</con:request><con:originalUri>http://10.144.66.146/rest/AXAHK_BusinessAPI/v1/restsvc/fund/funds/fundTransaction</con:originalUri><con:credentials><con:authType>No Authorization</con:authType></con:credentials><con:jmsConfig JMSDeliveryMode="PERSISTENT"/><con:jmsPropertyConfig/><con:parameters/></con:request><con:request name="FTD_20 - Missing request parameter: when 'requestType=2' , 'switchOutDetails' doc is passed and 'fundCode = blank or null'" id="aa096255-098d-483d-8c49-17f5c473b5ff" mediaType="application/json" postQueryString="false"><con:settings><con:setting id="com.eviware.soapui.impl.wsdl.WsdlRequest@request-headers"><![CDATA[<xml-fragment xmlns:con="http://eviware.com/soapui/config">
  <con:entry key="x-axahk-msgid" value="1"/>
  <con:entry key="x-axahk-sourcesystem" value="RLS"/>
  <con:entry key="x-axahk-channelcode" value="MyAXA"/>
  <con:entry key="x-axahk-lob" value="Life"/>
</xml-fragment>]]></con:setting></con:settings><con:endpoint>http://10.144.66.148:5590</con:endpoint><con:request>{
  "fundTransactionsDetails": {
		  "policyNumber": "1",
		  "requestNumber": "1",
            "submissionDate": "2018-07-23",
            "requestType": "2",
		
        "switchOutDetails": {
                  "fundCode": "",
                  "numberOfUnits": "1",
                  "accountCode": "1",
                  "switchCode": "OUT"
			}

}
}</con:request><con:originalUri>http://10.144.66.146/rest/AXAHK_BusinessAPI/v1/restsvc/fund/funds/fundTransaction</con:originalUri><con:credentials><con:authType>No Authorization</con:authType></con:credentials><con:jmsConfig JMSDeliveryMode="PERSISTENT"/><con:jmsPropertyConfig/><con:parameters/></con:request><con:request name="FTD_21 - When 'requestType=2' , 'switchOutDetails' doc is passed and 'numberOfUnits =  null' insert new record for switchOutDetails" id="aa096255-098d-483d-8c49-17f5c473b5ff" mediaType="application/json" postQueryString="false"><con:settings><con:setting id="com.eviware.soapui.impl.wsdl.WsdlRequest@request-headers"><![CDATA[<xml-fragment xmlns:con="http://eviware.com/soapui/config">
  <con:entry key="x-axahk-msgid" value="1"/>
  <con:entry key="x-axahk-sourcesystem" value="RLS"/>
  <con:entry key="x-axahk-channelcode" value="MyAXA"/>
  <con:entry key="x-axahk-lob" value="Life"/>
</xml-fragment>]]></con:setting></con:settings><con:endpoint>http://10.144.66.148:5590</con:endpoint><con:request>{
  "fundTransactionsDetails": {
		  "policyNumber": "1",
		  "requestNumber": "1",
            "submissionDate": "2018-07-23",
            "requestType": "2",
		
        "switchOutDetails": {
                  "fundCode": "1",
                  "numberOfUnits": null,
                  "accountCode": "1",
                  "switchCode": "OUT"
			}

}
}</con:request><con:originalUri>http://10.144.66.146/rest/AXAHK_BusinessAPI/v1/restsvc/fund/funds/fundTransaction</con:originalUri><con:credentials><con:authType>No Authorization</con:authType></con:credentials><con:jmsConfig JMSDeliveryMode="PERSISTENT"/><con:jmsPropertyConfig/><con:parameters/></con:request><con:request name="FTD_22 - Missing request parameter: when 'requestType=2' , 'switchOutDetails' doc is passed and 'accountCode = blank or null'" id="aa096255-098d-483d-8c49-17f5c473b5ff" mediaType="application/json" postQueryString="false"><con:settings><con:setting id="com.eviware.soapui.impl.wsdl.WsdlRequest@request-headers"><![CDATA[<xml-fragment xmlns:con="http://eviware.com/soapui/config">
  <con:entry key="x-axahk-msgid" value="1"/>
  <con:entry key="x-axahk-sourcesystem" value="RLS"/>
  <con:entry key="x-axahk-channelcode" value="MyAXA"/>
  <con:entry key="x-axahk-lob" value="Life"/>
</xml-fragment>]]></con:setting></con:settings><con:endpoint>http://10.144.66.148:5590</con:endpoint><con:request>{
  "fundTransactionsDetails": {
		  "policyNumber": "1",
		  "requestNumber": "1",
            "submissionDate": "2018-07-23",
            "requestType": "2",
		
        "switchOutDetails": {
                  "fundCode": "1",
                  "numberOfUnits": "1",
                  "accountCode": "",
                  "switchCode": "OUT"
			}

}
}</con:request><con:originalUri>http://10.144.66.146/rest/AXAHK_BusinessAPI/v1/restsvc/fund/funds/fundTransaction</con:originalUri><con:credentials><con:authType>No Authorization</con:authType></con:credentials><con:jmsConfig JMSDeliveryMode="PERSISTENT"/><con:jmsPropertyConfig/><con:parameters/></con:request><con:request name="FTD_23 - Missing request parameter: when 'requestType=2' , 'switchOutDetails' doc is passed and 'switchCode = blank or null'" id="aa096255-098d-483d-8c49-17f5c473b5ff" mediaType="application/json" postQueryString="false"><con:settings><con:setting id="com.eviware.soapui.impl.wsdl.WsdlRequest@request-headers"><![CDATA[<xml-fragment xmlns:con="http://eviware.com/soapui/config">
  <con:entry key="x-axahk-msgid" value="1"/>
  <con:entry key="x-axahk-sourcesystem" value="RLS"/>
  <con:entry key="x-axahk-channelcode" value="MyAXA"/>
  <con:entry key="x-axahk-lob" value="Life"/>
</xml-fragment>]]></con:setting></con:settings><con:endpoint>http://10.144.66.148:5590</con:endpoint><con:request>{
  "fundTransactionsDetails": {
		  "policyNumber": "1",
		  "requestNumber": "1",
            "submissionDate": "2018-07-23",
            "requestType": "2",
		
        "switchOutDetails": {
                  "fundCode": "1",
                  "numberOfUnits": "1",
                  "accountCode": "1",
                  "switchCode": ""
			}

}
}</con:request><con:originalUri>http://10.144.66.146/rest/AXAHK_BusinessAPI/v1/restsvc/fund/funds/fundTransaction</con:originalUri><con:credentials><con:authType>No Authorization</con:authType></con:credentials><con:jmsConfig JMSDeliveryMode="PERSISTENT"/><con:jmsPropertyConfig/><con:parameters/></con:request><con:request name="FTD_24 - Invalid request parameter: when 'requestType=2' , 'switchOutDetails' doc is passed and 'switchCode is not OUT'" id="aa096255-098d-483d-8c49-17f5c473b5ff" mediaType="application/json" postQueryString="false"><con:settings><con:setting id="com.eviware.soapui.impl.wsdl.WsdlRequest@request-headers"><![CDATA[<xml-fragment xmlns:con="http://eviware.com/soapui/config">
  <con:entry key="x-axahk-msgid" value="1"/>
  <con:entry key="x-axahk-sourcesystem" value="RLS"/>
  <con:entry key="x-axahk-channelcode" value="MyAXA"/>
  <con:entry key="x-axahk-lob" value="Life"/>
</xml-fragment>]]></con:setting></con:settings><con:endpoint>http://10.144.66.148:5590</con:endpoint><con:request>{
  "fundTransactionsDetails": {
		  "policyNumber": "1",
		  "requestNumber": "1",
            "submissionDate": "2018-07-23",
            "requestType": "2",
		
        "switchOutDetails": {
                  "fundCode": "1",
                  "numberOfUnits": "1",
                  "accountCode": "1",
                  "switchCode": "xxx"
			}

}
}</con:request><con:originalUri>http://10.144.66.146/rest/AXAHK_BusinessAPI/v1/restsvc/fund/funds/fundTransaction</con:originalUri><con:credentials><con:authType>No Authorization</con:authType></con:credentials><con:jmsConfig JMSDeliveryMode="PERSISTENT"/><con:jmsPropertyConfig/><con:parameters/></con:request><con:request name="FTD_25 -Missing header parameter: msgId" id="aa096255-098d-483d-8c49-17f5c473b5ff" mediaType="application/json" postQueryString="false"><con:settings><con:setting id="com.eviware.soapui.impl.wsdl.WsdlRequest@request-headers"><![CDATA[<xml-fragment xmlns:con="http://eviware.com/soapui/config">
  <con:entry key="x-axahk-msgid" value=""/>
  <con:entry key="x-axahk-sourcesystem" value="RLS"/>
  <con:entry key="x-axahk-channelcode" value="MyAXA"/>
  <con:entry key="x-axahk-lob" value="Life"/>
</xml-fragment>]]></con:setting></con:settings><con:endpoint>http://10.144.66.148:5590</con:endpoint><con:request>{
  "fundTransactionsDetails": {
		  "policyNumber": "1",
		  "requestNumber": "1",
            "submissionDate": "2018-07-23",
            "requestType": "2",
		
        "switchOutDetails": {
                  "fundCode": "1",
                  "numberOfUnits": "1",
                  "accountCode": "1",
                  "switchCode": "OUT"
			}

}
}</con:request><con:originalUri>http://10.144.66.146/rest/AXAHK_BusinessAPI/v1/restsvc/fund/funds/fundTransaction</con:originalUri><con:credentials><con:authType>No Authorization</con:authType></con:credentials><con:jmsConfig JMSDeliveryMode="PERSISTENT"/><con:jmsPropertyConfig/><con:parameters/></con:request><con:request name="FTD_26 -Missing header parameter: sourcesystem" id="aa096255-098d-483d-8c49-17f5c473b5ff" mediaType="application/json" postQueryString="false"><con:settings><con:setting id="com.eviware.soapui.impl.wsdl.WsdlRequest@request-headers"><![CDATA[<xml-fragment xmlns:con="http://eviware.com/soapui/config">
  <con:entry key="x-axahk-msgid" value="6"/>
  <con:entry key="x-axahk-sourcesystem" value=""/>
  <con:entry key="x-axahk-channelcode" value="MyAXA"/>
  <con:entry key="x-axahk-lob" value="Life"/>
</xml-fragment>]]></con:setting></con:settings><con:endpoint>http://10.144.66.148:5590</con:endpoint><con:request>{
  "fundTransactionsDetails": {
		  "policyNumber": "1",
		  "requestNumber": "1",
            "submissionDate": "2018-07-23",
            "requestType": "2",
		
        "switchOutDetails": {
                  "fundCode": "1",
                  "numberOfUnits": "1",
                  "accountCode": "1",
                  "switchCode": "OUT"
			}

}
}</con:request><con:originalUri>http://10.144.66.146/rest/AXAHK_BusinessAPI/v1/restsvc/fund/funds/fundTransaction</con:originalUri><con:credentials><con:authType>No Authorization</con:authType></con:credentials><con:jmsConfig JMSDeliveryMode="PERSISTENT"/><con:jmsPropertyConfig/><con:parameters/></con:request><con:request name="FTD_27 -Missing header parameter: channelcode" id="aa096255-098d-483d-8c49-17f5c473b5ff" mediaType="application/json" postQueryString="false"><con:settings><con:setting id="com.eviware.soapui.impl.wsdl.WsdlRequest@request-headers"><![CDATA[<xml-fragment xmlns:con="http://eviware.com/soapui/config">
  <con:entry key="x-axahk-msgid" value="1"/>
  <con:entry key="x-axahk-sourcesystem" value="RLS"/>
  <con:entry key="x-axahk-channelcode" value=""/>
  <con:entry key="x-axahk-lob" value="Life"/>
</xml-fragment>]]></con:setting></con:settings><con:endpoint>http://10.144.66.148:5590</con:endpoint><con:request>{
  "fundTransactionsDetails": {
		  "policyNumber": "1",
		  "requestNumber": "1",
            "submissionDate": "2018-07-23",
            "requestType": "2",
		
        "switchOutDetails": {
                  "fundCode": "1",
                  "numberOfUnits": "1",
                  "accountCode": "1",
                  "switchCode": "OUT"
			}

}
}</con:request><con:originalUri>http://10.144.66.146/rest/AXAHK_BusinessAPI/v1/restsvc/fund/funds/fundTransaction</con:originalUri><con:credentials><con:authType>No Authorization</con:authType></con:credentials><con:jmsConfig JMSDeliveryMode="PERSISTENT"/><con:jmsPropertyConfig/><con:parameters/></con:request><con:request name="FTD_28 -Missing header parameter: lob" id="aa096255-098d-483d-8c49-17f5c473b5ff" mediaType="application/json" postQueryString="false"><con:settings><con:setting id="com.eviware.soapui.impl.wsdl.WsdlRequest@request-headers"><![CDATA[<xml-fragment xmlns:con="http://eviware.com/soapui/config">
  <con:entry key="x-axahk-msgid" value="1"/>
  <con:entry key="x-axahk-sourcesystem" value="RLS"/>
  <con:entry key="x-axahk-channelcode" value="MyAXA"/>
  <con:entry key="x-axahk-lob" value=""/>
</xml-fragment>]]></con:setting></con:settings><con:endpoint>http://10.144.66.148:5590</con:endpoint><con:request>{
  "fundTransactionsDetails": {
		  "policyNumber": "1",
		  "requestNumber": "1",
            "submissionDate": "2018-07-23",
            "requestType": "2",
		
        "switchOutDetails": {
                  "fundCode": "1",
                  "numberOfUnits": "1",
                  "accountCode": "1",
                  "switchCode": "OUT"
			}

}
}</con:request><con:originalUri>http://10.144.66.146/rest/AXAHK_BusinessAPI/v1/restsvc/fund/funds/fundTransaction</con:originalUri><con:credentials><con:authType>No Authorization</con:authType></con:credentials><con:jmsConfig JMSDeliveryMode="PERSISTENT"/><con:jmsPropertyConfig/><con:parameters/></con:request><con:request name="FTD_29 -Invalid header parameter: sourcesystem" id="aa096255-098d-483d-8c49-17f5c473b5ff" mediaType="application/json" postQueryString="false"><con:settings><con:setting id="com.eviware.soapui.impl.wsdl.WsdlRequest@request-headers"><![CDATA[<xml-fragment xmlns:con="http://eviware.com/soapui/config">
  <con:entry key="x-axahk-msgid" value="1"/>
  <con:entry key="x-axahk-sourcesystem" value="xxx"/>
  <con:entry key="x-axahk-channelcode" value="MyAXA"/>
  <con:entry key="x-axahk-lob" value="Life"/>
</xml-fragment>]]></con:setting></con:settings><con:endpoint>http://10.144.66.148:5590</con:endpoint><con:request>{
  "fundTransactionsDetails": {
		  "policyNumber": "1",
		  "requestNumber": "1",
            "submissionDate": "2018-07-23",
            "requestType": "2",
		
        "switchOutDetails": {
                  "fundCode": "1",
                  "numberOfUnits": "1",
                  "accountCode": "1",
                  "switchCode": "OUT"
			}

}
}</con:request><con:originalUri>http://10.144.66.146/rest/AXAHK_BusinessAPI/v1/restsvc/fund/funds/fundTransaction</con:originalUri><con:credentials><con:authType>No Authorization</con:authType></con:credentials><con:jmsConfig JMSDeliveryMode="PERSISTENT"/><con:jmsPropertyConfig/><con:parameters/></con:request><con:request name="FTD_30 -Invalid header parameter: channelcode" id="aa096255-098d-483d-8c49-17f5c473b5ff" mediaType="application/json" postQueryString="false"><con:settings><con:setting id="com.eviware.soapui.impl.wsdl.WsdlRequest@request-headers"><![CDATA[<xml-fragment xmlns:con="http://eviware.com/soapui/config">
  <con:entry key="x-axahk-msgid" value="1"/>
  <con:entry key="x-axahk-sourcesystem" value="RLS"/>
  <con:entry key="x-axahk-channelcode" value="xxx"/>
  <con:entry key="x-axahk-lob" value="Life"/>
</xml-fragment>]]></con:setting></con:settings><con:endpoint>http://10.144.66.148:5590</con:endpoint><con:request>{
  "fundTransactionsDetails": {
		  "policyNumber": "1",
		  "requestNumber": "1",
            "submissionDate": "2018-07-23",
            "requestType": "2",
		
        "switchOutDetails": {
                  "fundCode": "1",
                  "numberOfUnits": "1",
                  "accountCode": "1",
                  "switchCode": "OUT"
			}

}
}</con:request><con:originalUri>http://10.144.66.146/rest/AXAHK_BusinessAPI/v1/restsvc/fund/funds/fundTransaction</con:originalUri><con:credentials><con:authType>No Authorization</con:authType></con:credentials><con:jmsConfig JMSDeliveryMode="PERSISTENT"/><con:jmsPropertyConfig/><con:parameters/></con:request><con:request name="FTD_31 -Invalid header parameter: lob" id="aa096255-098d-483d-8c49-17f5c473b5ff" mediaType="application/json" postQueryString="false"><con:settings><con:setting id="com.eviware.soapui.impl.wsdl.WsdlRequest@request-headers"><![CDATA[<xml-fragment xmlns:con="http://eviware.com/soapui/config">
  <con:entry key="x-axahk-msgid" value="7"/>
  <con:entry key="x-axahk-sourcesystem" value="RLS"/>
  <con:entry key="x-axahk-channelcode" value="MyAXA"/>
  <con:entry key="x-axahk-lob" value="xxx"/>
</xml-fragment>]]></con:setting></con:settings><con:endpoint>http://10.144.66.148:5590</con:endpoint><con:request>{
  "fundTransactionsDetails": {
		  "policyNumber": "1",
		  "requestNumber": "1",
            "submissionDate": "2018-07-23",
            "requestType": "2",
		
        "switchOutDetails": {
                  "fundCode": "1",
                  "numberOfUnits": "1",
                  "accountCode": "1",
                  "switchCode": "OUT"
			}

}
}</con:request><con:originalUri>http://10.144.66.146/rest/AXAHK_BusinessAPI/v1/restsvc/fund/funds/fundTransaction</con:originalUri><con:credentials><con:authType>No Authorization</con:authType></con:credentials><con:jmsConfig JMSDeliveryMode="PERSISTENT"/><con:jmsPropertyConfig/><con:parameters/></con:request><con:request name="test" id="aa096255-098d-483d-8c49-17f5c473b5ff" mediaType="application/json" postQueryString="false"><con:settings><con:setting id="com.eviware.soapui.impl.wsdl.WsdlRequest@request-headers"><![CDATA[<xml-fragment xmlns:con="http://eviware.com/soapui/config">
  <con:entry key="x-axahk-channelcode" value="MyAXA"/>
  <con:entry key="x-axahk-msgid" value="1"/>
  <con:entry key="x-axahk-lob" value="Life"/>
  <con:entry key="x-axahk-sourcesystem" value="RLS"/>
</xml-fragment>]]></con:setting></con:settings><con:endpoint>http://10.144.66.146:5500</con:endpoint><con:request>{
  "fundTransactionsDetails": {
		  "policyNumber": "testing2",
		  "requestNumber": "1",
            "submissionDate": "2018-07-23",
            "requestType": "2",
		
          "switchInDetails": {
                 "fundCode": "1",
                 "allocationPercentage": "1",
                 "accountCode": "1",
                 "switchCode": "IN"
          },

          "switchOutDetails": {
                  "fundCode": "1",
                  "numberOfUnits": "1",
                  "accountCode": "1",
                  "switchCode": "OUT"
			}
}
}</con:request><con:originalUri>http://10.144.66.146/rest/AXAHK_BusinessAPI/v1/restsvc/fund/funds/fundTransaction</con:originalUri><con:credentials><con:selectedAuthProfile>No Authorization</con:selectedAuthProfile><con:authType>No Authorization</con:authType></con:credentials><con:jmsConfig JMSDeliveryMode="PERSISTENT"/><con:jmsPropertyConfig/><con:parameters/></con:request></con:method></con:resource></con:interface><con:properties/><con:wssContainer/><con:oAuth2ProfileContainer><con:oAuth2Profile><con:name>Profile 1</con:name><con:accessTokenPosition>HEADER</con:accessTokenPosition><con:oAuth2Flow>AUTHORIZATION_CODE_GRANT</con:oAuth2Flow><con:refreshAccessTokenMethod>AUTOMATIC</con:refreshAccessTokenMethod></con:oAuth2Profile></con:oAuth2ProfileContainer><con:oAuth1ProfileContainer/></con:soapui-project>