<?xml version="1.0" encoding="UTF-8"?>
<con:soapui-project id="b71fb54e-d754-4cc8-8aec-5d45080e2276" activeEnvironment="Default" name="MREM 562 - RecordPaymentTransaction" soapui-version="5.2.1" abortOnError="false" runType="SEQUENTIAL" xmlns:con="http://eviware.com/soapui/config"><con:settings/><con:interface xsi:type="con:RestService" id="e5760fbc-ee32-40f5-a8eb-395c6bf7735e" wadlVersion="http://wadl.dev.java.net/2009/02" name="http://10.144.66.146:5500" type="rest" xmlns:xsi="http://www.w3.org/2001/XMLSchema-instance"><con:settings/><con:definitionCache/><con:endpoints><con:endpoint>http://10.144.66.146:5500</con:endpoint></con:endpoints><con:resource name="PaymentTransaction" path="/ws/payment-business-apis-v1/payments/paymentTransaction" id="1b69444b-0bde-4404-9220-870835b22370"><con:settings/><con:parameters/><con:method name="PaymentTransaction" id="51308810-a6af-42e8-9eee-5a0adbae83fe" method="POST"><con:settings/><con:parameters/><con:representation type="FAULT"><con:mediaType>application/json; charset=UTF-8</con:mediaType><con:status>500 400 405 404</con:status><con:params/><con:element xmlns:pay="http://10.144.66.146/rest/AXAHK_BusinessAPI/v1/restsvc/payment/payments/paymentTransaction">pay:Fault</con:element></con:representation><con:representation type="REQUEST"><con:mediaType>application/json</con:mediaType><con:params/></con:representation><con:representation type="RESPONSE"><con:mediaType>application/json; charset=UTF-8</con:mediaType><con:status>200</con:status><con:params/><con:element xmlns:pay="http://10.144.66.146/rest/AXAHK_BusinessAPI/v1/restsvc/payment/payments/paymentTransaction">pay:Response</con:element></con:representation><con:representation type="RESPONSE"><con:mediaType xsi:nil="true"/><con:status>0</con:status><con:params/><con:element>data</con:element></con:representation><con:representation type="RESPONSE"><con:mediaType xsi:nil="true"/><con:status>0</con:status><con:params/><con:element>data</con:element></con:representation><con:representation type="RESPONSE"><con:mediaType xsi:nil="true"/><con:status>0</con:status><con:params/><con:element>data</con:element></con:representation><con:representation type="FAULT"><con:mediaType>application/xml; charset=UTF-8</con:mediaType><con:status>400</con:status><con:params/><con:element xmlns:enc="http://www.webMethods.com/2001/10/soap/encoding">enc:exception</con:element></con:representation><con:request name="RPTx_01-Successfully insert new payment transaction record only when mandatory input fields (policyNumber,paymentReferenceID,tranasactionDate) are present and default transactionStatusCode is 'P'" id="f0622e88-4742-41c7-9ee8-bf7c4e9e85a8" mediaType="application/json" postQueryString="false"><con:settings><con:setting id="com.eviware.soapui.impl.wsdl.WsdlRequest@request-headers"><![CDATA[<xml-fragment xmlns:con="http://eviware.com/soapui/config">
  <con:entry key="x-axahk-msgid" value="1"/>
  <con:entry key="x-axahk-sourcesystem" value="EB"/>
  <con:entry key="x-axahk-channelcode" value="MyAXA"/>
  <con:entry key="x-axahk-lob" value="Health"/>
</xml-fragment>]]></con:setting></con:settings><con:endpoint>http://10.144.66.148:5590</con:endpoint><con:request>{"recordPaymentTransactionRequest": {
    "paymentTransaction": {
      "policyNumber": "511-81928364",
      "paymentReferenceID": "MyAXAKKK555100000000200",
      "transactionDate": "2018-06-01"
    }
  }
}</con:request><con:originalUri>http://10.144.66.146/rest/AXAHK_BusinessAPI/v1/restsvc/payment/payments/paymentTransaction</con:originalUri><con:credentials><con:authType>No Authorization</con:authType></con:credentials><con:jmsConfig JMSDeliveryMode="PERSISTENT"/><con:jmsPropertyConfig/><con:parameters/></con:request><con:request name="RPTx_02-Successfully insert new payment transaction record when mandatory input fields (policyNumber,paymentReferenceID,tranasactionDate) are present and optional fields are populated." id="f0622e88-4742-41c7-9ee8-bf7c4e9e85a8" mediaType="application/json" postQueryString="false"><con:settings><con:setting id="com.eviware.soapui.impl.wsdl.WsdlRequest@request-headers"><![CDATA[<xml-fragment xmlns:con="http://eviware.com/soapui/config">
  <con:entry key="x-axahk-msgid" value="1"/>
  <con:entry key="x-axahk-sourcesystem" value="EB"/>
  <con:entry key="x-axahk-channelcode" value="MyAXA"/>
  <con:entry key="x-axahk-lob" value="Health"/>
</xml-fragment>]]></con:setting></con:settings><con:endpoint>http://10.144.66.146:5500</con:endpoint><con:request>{"recordPaymentTransactionRequest": {
    "paymentTransaction": {
      "policyNumber": "501-9827162",
      "paymentReferenceID": "MyAXAJPS8888100000000199",
      "transactionType": "A",
      "transactionDate": "2018-05-29",
      "transactionCurrencyCode": "hkd",
      "transactionAmount": "1",
      "transactionStatusCode": "Pending",
      "paymentMethodCode": "Cash",
      "cardType": "Visa",
      "merchantID": "123",
      "gatewayCode": "abc",
      "gatewayResponseDesc": "transaction",
      "approvalCode": "A",
      "responseCode": "P",
      "exchangeRate": "20",
      "exchangeRateDate": "2018-05-28",
      "netPremiumAmount": "1000",
      "serviceCharge": "20"
    }
  }
}</con:request><con:originalUri>http://10.144.66.146/rest/AXAHK_BusinessAPI/v1/restsvc/payment/payments/paymentTransaction</con:originalUri><con:credentials><con:authType>No Authorization</con:authType></con:credentials><con:jmsConfig JMSDeliveryMode="PERSISTENT"/><con:jmsPropertyConfig/><con:parameters/></con:request><con:request name="RPTx_03-Failed to create new record when mandatory input field policyNumber is blank or null" id="f0622e88-4742-41c7-9ee8-bf7c4e9e85a8" mediaType="application/json" postQueryString="false"><con:settings><con:setting id="com.eviware.soapui.impl.wsdl.WsdlRequest@request-headers"><![CDATA[<xml-fragment xmlns:con="http://eviware.com/soapui/config">
  <con:entry key="x-axahk-msgid" value="1"/>
  <con:entry key="x-axahk-sourcesystem" value="EB"/>
  <con:entry key="x-axahk-channelcode" value="MyAXA"/>
  <con:entry key="x-axahk-lob" value="Life"/>
</xml-fragment>]]></con:setting></con:settings><con:endpoint>http://10.144.66.146:5500</con:endpoint><con:request>{"recordPaymentTransactionRequest": {
    "paymentTransaction": {
      "policyNumber": "",
      "paymentReferenceID": "000",
      "transactionDate": "2018-05-28"
    }
  }
}</con:request><con:originalUri>http://10.144.66.146/rest/AXAHK_BusinessAPI/v1/restsvc/payment/payments/paymentTransaction</con:originalUri><con:credentials><con:authType>No Authorization</con:authType></con:credentials><con:jmsConfig JMSDeliveryMode="PERSISTENT"/><con:jmsPropertyConfig/><con:parameters/></con:request><con:request name="RPTx_04-Failed to create new record when mandatory input field paymentReferenceID is blank or null" id="f0622e88-4742-41c7-9ee8-bf7c4e9e85a8" mediaType="application/json" postQueryString="false"><con:settings><con:setting id="com.eviware.soapui.impl.wsdl.WsdlRequest@request-headers"><![CDATA[<xml-fragment xmlns:con="http://eviware.com/soapui/config">
  <con:entry key="x-axahk-msgid" value="1"/>
  <con:entry key="x-axahk-sourcesystem" value="EB"/>
  <con:entry key="x-axahk-channelcode" value="MyAXA"/>
  <con:entry key="x-axahk-lob" value="Life"/>
</xml-fragment>]]></con:setting></con:settings><con:endpoint>http://10.144.66.146:5500</con:endpoint><con:request>{"recordPaymentTransactionRequest": {
    "paymentTransaction": {
      "policyNumber": "0101",
      "paymentReferenceID": "",
      "transactionDate": "2018-05-28"
    }
  }
}</con:request><con:originalUri>http://10.144.66.146/rest/AXAHK_BusinessAPI/v1/restsvc/payment/payments/paymentTransaction</con:originalUri><con:credentials><con:authType>No Authorization</con:authType></con:credentials><con:jmsConfig JMSDeliveryMode="PERSISTENT"/><con:jmsPropertyConfig/><con:parameters/></con:request><con:request name="RPTx_05-Failed to create new record when mandatory input field transactionDate is blank or null" id="f0622e88-4742-41c7-9ee8-bf7c4e9e85a8" mediaType="application/json" postQueryString="false"><con:settings><con:setting id="com.eviware.soapui.impl.wsdl.WsdlRequest@request-headers"><![CDATA[<xml-fragment xmlns:con="http://eviware.com/soapui/config">
  <con:entry key="x-axahk-msgid" value="1"/>
  <con:entry key="x-axahk-sourcesystem" value="EB"/>
  <con:entry key="x-axahk-channelcode" value="MyAXA"/>
  <con:entry key="x-axahk-lob" value="Life"/>
</xml-fragment>]]></con:setting></con:settings><con:endpoint>http://10.144.66.146:5500</con:endpoint><con:request>{"recordPaymentTransactionRequest": {
    "paymentTransaction": {
      "policyNumber": "0101",
      "paymentReferenceID": "1010",
      "transactionDate": ""
    }
  }
}</con:request><con:originalUri>http://10.144.66.146/rest/AXAHK_BusinessAPI/v1/restsvc/payment/payments/paymentTransaction</con:originalUri><con:credentials><con:authType>No Authorization</con:authType></con:credentials><con:jmsConfig JMSDeliveryMode="PERSISTENT"/><con:jmsPropertyConfig/><con:parameters/></con:request><con:request name="RPTx_06-  Failed to create new record when transactionAmount is not a postive integer or zero" id="f0622e88-4742-41c7-9ee8-bf7c4e9e85a8" mediaType="application/json" postQueryString="false"><con:settings><con:setting id="com.eviware.soapui.impl.wsdl.WsdlRequest@request-headers"><![CDATA[<xml-fragment xmlns:con="http://eviware.com/soapui/config">
  <con:entry key="x-axahk-msgid" value="1"/>
  <con:entry key="x-axahk-sourcesystem" value="EB"/>
  <con:entry key="x-axahk-channelcode" value="MyAXA"/>
  <con:entry key="x-axahk-lob" value="Life"/>
</xml-fragment>]]></con:setting></con:settings><con:endpoint>http://10.144.66.146:5500</con:endpoint><con:request>{"recordPaymentTransactionRequest": {
    "paymentTransaction": {
      "policyNumber": "0101",
      "paymentReferenceID": "1010",
      "transactionDate": "2018-05-28",
      "transactionAmount": "-100.01"
    }
  }
}</con:request><con:originalUri>http://10.144.66.146/rest/AXAHK_BusinessAPI/v1/restsvc/payment/payments/paymentTransaction</con:originalUri><con:credentials><con:authType>No Authorization</con:authType></con:credentials><con:jmsConfig JMSDeliveryMode="PERSISTENT"/><con:jmsPropertyConfig/><con:parameters/></con:request><con:request name="RPTx_07-  Failed to create new record when transactionCurrencyCode is not 3 characters" id="f0622e88-4742-41c7-9ee8-bf7c4e9e85a8" mediaType="application/json" postQueryString="false"><con:settings><con:setting id="com.eviware.soapui.impl.wsdl.WsdlRequest@request-headers"><![CDATA[<xml-fragment xmlns:con="http://eviware.com/soapui/config">
  <con:entry key="x-axahk-msgid" value="1"/>
  <con:entry key="x-axahk-sourcesystem" value="EB"/>
  <con:entry key="x-axahk-channelcode" value="MyAXA"/>
  <con:entry key="x-axahk-lob" value="Life"/>
</xml-fragment>]]></con:setting></con:settings><con:endpoint>http://10.144.66.146:5500</con:endpoint><con:request>{"recordPaymentTransactionRequest": {
    "paymentTransaction": {
      "policyNumber": "0101",
      "paymentReferenceID": "1010",
      "transactionDate": "2018-05-28",
      "transactionCurrencyCode": "ph"
    }
  }
}</con:request><con:originalUri>http://10.144.66.146/rest/AXAHK_BusinessAPI/v1/restsvc/payment/payments/paymentTransaction</con:originalUri><con:credentials><con:authType>No Authorization</con:authType></con:credentials><con:jmsConfig JMSDeliveryMode="PERSISTENT"/><con:jmsPropertyConfig/><con:parameters/></con:request><con:request name="RPTx_08-Failure if header 'x-axahk-lob' is blank" id="f0622e88-4742-41c7-9ee8-bf7c4e9e85a8" mediaType="application/json" postQueryString="false"><con:settings><con:setting id="com.eviware.soapui.impl.wsdl.WsdlRequest@request-headers"><![CDATA[<xml-fragment xmlns:con="http://eviware.com/soapui/config">
  <con:entry key="x-axahk-msgid" value="1"/>
  <con:entry key="x-axahk-sourcesystem" value="EB"/>
  <con:entry key="x-axahk-channelcode" value="MyAXA"/>
  <con:entry key="x-axahk-lob" value=""/>
</xml-fragment>]]></con:setting></con:settings><con:endpoint>http://10.144.66.146:5500</con:endpoint><con:request>{"recordPaymentTransactionRequest": {
    "paymentTransaction": {
      "policyNumber": "0101",
      "paymentReferenceID": "1010",
      "transactionDate": "2018-05-28"
    }
  }
}</con:request><con:originalUri>http://10.144.66.146/rest/AXAHK_BusinessAPI/v1/restsvc/payment/payments/paymentTransaction</con:originalUri><con:credentials><con:authType>No Authorization</con:authType></con:credentials><con:jmsConfig JMSDeliveryMode="PERSISTENT"/><con:jmsPropertyConfig/><con:parameters/></con:request><con:request name="RPTx_09-Failure if header 'x-axahk-lob' is invalid" id="f0622e88-4742-41c7-9ee8-bf7c4e9e85a8" mediaType="application/json" postQueryString="false"><con:settings><con:setting id="com.eviware.soapui.impl.wsdl.WsdlRequest@request-headers"><![CDATA[<xml-fragment xmlns:con="http://eviware.com/soapui/config">
  <con:entry key="x-axahk-msgid" value="1"/>
  <con:entry key="x-axahk-sourcesystem" value="EB"/>
  <con:entry key="x-axahk-channelcode" value="MyAXA"/>
  <con:entry key="x-axahk-lob" value="xxx"/>
</xml-fragment>]]></con:setting></con:settings><con:endpoint>http://10.144.66.146:5500</con:endpoint><con:request>{"recordPaymentTransactionRequest": {
    "paymentTransaction": {
      "policyNumber": "0101",
      "paymentReferenceID": "1010",
      "transactionDate": "2018-05-28"
    }
  }
}</con:request><con:originalUri>http://10.144.66.146/rest/AXAHK_BusinessAPI/v1/restsvc/payment/payments/paymentTransaction</con:originalUri><con:credentials><con:authType>No Authorization</con:authType></con:credentials><con:jmsConfig JMSDeliveryMode="PERSISTENT"/><con:jmsPropertyConfig/><con:parameters/></con:request><con:request name="RPTx_10-Failure if header 'x-axahk-msgid' is blank" id="f0622e88-4742-41c7-9ee8-bf7c4e9e85a8" mediaType="application/json" postQueryString="false"><con:settings><con:setting id="com.eviware.soapui.impl.wsdl.WsdlRequest@request-headers"><![CDATA[<xml-fragment xmlns:con="http://eviware.com/soapui/config">
  <con:entry key="x-axahk-msgid" value=""/>
  <con:entry key="x-axahk-sourcesystem" value="EB"/>
  <con:entry key="x-axahk-channelcode" value="MyAXA"/>
  <con:entry key="x-axahk-lob" value="Life"/>
</xml-fragment>]]></con:setting></con:settings><con:endpoint>http://10.144.66.146:5500</con:endpoint><con:request>{"recordPaymentTransactionRequest": {
    "paymentTransaction": {
      "policyNumber": "0101",
      "paymentReferenceID": "1010",
      "transactionDate": "2018-05-28"
    }
  }
}</con:request><con:originalUri>http://10.144.66.146/rest/AXAHK_BusinessAPI/v1/restsvc/payment/payments/paymentTransaction</con:originalUri><con:credentials><con:authType>No Authorization</con:authType></con:credentials><con:jmsConfig JMSDeliveryMode="PERSISTENT"/><con:jmsPropertyConfig/><con:parameters/></con:request><con:request name="RPTx_11-Failure if header 'x-axahk-sourcesystem' is blank" id="f0622e88-4742-41c7-9ee8-bf7c4e9e85a8" mediaType="application/json" postQueryString="false"><con:settings><con:setting id="com.eviware.soapui.impl.wsdl.WsdlRequest@request-headers"><![CDATA[<xml-fragment xmlns:con="http://eviware.com/soapui/config">
  <con:entry key="x-axahk-msgid" value="1"/>
  <con:entry key="x-axahk-sourcesystem" value=""/>
  <con:entry key="x-axahk-channelcode" value="MyAXA"/>
  <con:entry key="x-axahk-lob" value="Life"/>
</xml-fragment>]]></con:setting></con:settings><con:endpoint>http://10.144.66.146:5500</con:endpoint><con:request>{"recordPaymentTransactionRequest": {
    "paymentTransaction": {
      "policyNumber": "0101",
      "paymentReferenceID": "1010",
      "transactionDate": "2018-05-28"
    }
  }
}</con:request><con:originalUri>http://10.144.66.146/rest/AXAHK_BusinessAPI/v1/restsvc/payment/payments/paymentTransaction</con:originalUri><con:credentials><con:authType>No Authorization</con:authType></con:credentials><con:jmsConfig JMSDeliveryMode="PERSISTENT"/><con:jmsPropertyConfig/><con:parameters/></con:request><con:request name="RPTx_12-Failure if header 'x-axahk-sourcesystem' is invalid" id="f0622e88-4742-41c7-9ee8-bf7c4e9e85a8" mediaType="application/json" postQueryString="false"><con:settings><con:setting id="com.eviware.soapui.impl.wsdl.WsdlRequest@request-headers"><![CDATA[<xml-fragment xmlns:con="http://eviware.com/soapui/config">
  <con:entry key="x-axahk-msgid" value="1"/>
  <con:entry key="x-axahk-sourcesystem" value="xxx"/>
  <con:entry key="x-axahk-channelcode" value="MyAXA"/>
  <con:entry key="x-axahk-lob" value="Life"/>
</xml-fragment>]]></con:setting></con:settings><con:endpoint>http://10.144.66.146:5500</con:endpoint><con:request>{"recordPaymentTransactionRequest": {
    "paymentTransaction": {
      "policyNumber": "0101",
      "paymentReferenceID": "1010",
      "transactionDate": "2018-05-28"
    }
  }
}</con:request><con:originalUri>http://10.144.66.146/rest/AXAHK_BusinessAPI/v1/restsvc/payment/payments/paymentTransaction</con:originalUri><con:credentials><con:authType>No Authorization</con:authType></con:credentials><con:jmsConfig JMSDeliveryMode="PERSISTENT"/><con:jmsPropertyConfig/><con:parameters/></con:request><con:request name="RPTx_13-Failure if header 'x-axahk-channelcode' is blank" id="f0622e88-4742-41c7-9ee8-bf7c4e9e85a8" mediaType="application/json" postQueryString="false"><con:settings><con:setting id="com.eviware.soapui.impl.wsdl.WsdlRequest@request-headers"><![CDATA[<xml-fragment xmlns:con="http://eviware.com/soapui/config">
  <con:entry key="x-axahk-msgid" value="1"/>
  <con:entry key="x-axahk-sourcesystem" value="EB"/>
  <con:entry key="x-axahk-channelcode" value=""/>
  <con:entry key="x-axahk-lob" value="Life"/>
</xml-fragment>]]></con:setting></con:settings><con:endpoint>http://10.144.66.146:5500</con:endpoint><con:request>{"recordPaymentTransactionRequest": {
    "paymentTransaction": {
      "policyNumber": "0101",
      "paymentReferenceID": "1010",
      "transactionDate": "2018-05-28"
    }
  }
}</con:request><con:originalUri>http://10.144.66.146/rest/AXAHK_BusinessAPI/v1/restsvc/payment/payments/paymentTransaction</con:originalUri><con:credentials><con:authType>No Authorization</con:authType></con:credentials><con:jmsConfig JMSDeliveryMode="PERSISTENT"/><con:jmsPropertyConfig/><con:parameters/></con:request><con:request name="RPTx_14-Failure if header 'x-axahk-channelcode' is invalid" id="f0622e88-4742-41c7-9ee8-bf7c4e9e85a8" mediaType="application/json" postQueryString="false"><con:settings><con:setting id="com.eviware.soapui.impl.wsdl.WsdlRequest@request-headers"><![CDATA[<xml-fragment xmlns:con="http://eviware.com/soapui/config">
  <con:entry key="x-axahk-msgid" value="1"/>
  <con:entry key="x-axahk-sourcesystem" value="EB"/>
  <con:entry key="x-axahk-channelcode" value="xxx"/>
  <con:entry key="x-axahk-lob" value="Life"/>
</xml-fragment>]]></con:setting></con:settings><con:endpoint>http://10.144.66.146:5500</con:endpoint><con:request>{"recordPaymentTransactionRequest": {
    "paymentTransaction": {
      "policyNumber": "0101",
      "paymentReferenceID": "1010",
      "transactionDate": "2018-05-28"
    }
  }
}</con:request><con:originalUri>http://10.144.66.146/rest/AXAHK_BusinessAPI/v1/restsvc/payment/payments/paymentTransaction</con:originalUri><con:credentials><con:authType>No Authorization</con:authType></con:credentials><con:jmsConfig JMSDeliveryMode="PERSISTENT"/><con:jmsPropertyConfig/><con:parameters/></con:request><con:request name="RPTx_15-  Failed to create new record when transactionAmount is not a a number" id="f0622e88-4742-41c7-9ee8-bf7c4e9e85a8" mediaType="application/json" postQueryString="false"><con:settings><con:setting id="com.eviware.soapui.impl.wsdl.WsdlRequest@request-headers"><![CDATA[<xml-fragment xmlns:con="http://eviware.com/soapui/config">
  <con:entry key="x-axahk-msgid" value="1"/>
  <con:entry key="x-axahk-sourcesystem" value="EB"/>
  <con:entry key="x-axahk-channelcode" value="MyAXA"/>
  <con:entry key="x-axahk-lob" value="Life"/>
</xml-fragment>]]></con:setting></con:settings><con:endpoint>http://10.144.66.146:5500</con:endpoint><con:request>{"recordPaymentTransactionRequest": {
    "paymentTransaction": {
      "policyNumber": "0101",
      "paymentReferenceID": "1010",
      "transactionDate": "2018-05-28",
      "transactionAmount": "abc"
    }
  }
}</con:request><con:originalUri>http://10.144.66.146/rest/AXAHK_BusinessAPI/v1/restsvc/payment/payments/paymentTransaction</con:originalUri><con:credentials><con:authType>No Authorization</con:authType></con:credentials><con:jmsConfig JMSDeliveryMode="PERSISTENT"/><con:jmsPropertyConfig/><con:parameters/></con:request></con:method></con:resource></con:interface><con:properties/><con:wssContainer/><con:oAuth2ProfileContainer/><con:sensitiveInformation/></con:soapui-project>