<?xml version="1.0" encoding="UTF-8"?>
<con:soapui-project id="d243ae16-3be4-44ac-b49d-6fcba0f8ac3b" activeEnvironment="Default" name="MREM-983 GET Fund List for Life" soapui-version="5.4.0" abortOnError="false" runType="SEQUENTIAL" resourceRoot="${projectDir}" xmlns:con="http://eviware.com/soapui/config"><con:settings/><con:interface xsi:type="con:RestService" id="57a4835e-fa4f-4589-9085-163769e1a8bb" wadlVersion="http://wadl.dev.java.net/2009/02" name="http://10.144.66.146:5500" type="rest" xmlns:xsi="http://www.w3.org/2001/XMLSchema-instance"><con:settings/><con:definitionCache/><con:endpoints><con:endpoint>http://10.144.66.146:5500</con:endpoint></con:endpoints><con:resource name="Funds" path="/ws/fund-business-apis-v1/funds" id="0d907623-0bfc-4abc-886b-0da4efe91798"><con:settings/><con:parameters><con:parameter><con:name>policyNumber</con:name><con:value/><con:style>QUERY</con:style><con:default/><con:description xsi:nil="true"/></con:parameter></con:parameters><con:method name="Funds" id="d818964b-3a0a-4658-baa4-9946bfedd081" method="GET"><con:settings/><con:parameters/><con:representation type="FAULT"><con:mediaType>text/html</con:mediaType><con:status>404</con:status><con:params/><con:element>html</con:element></con:representation><con:representation type="RESPONSE"><con:mediaType>application/json; charset=UTF-8</con:mediaType><con:status>200</con:status><con:params/><con:element>Response</con:element></con:representation><con:representation type="FAULT"><con:mediaType>application/json; charset=UTF-8</con:mediaType><con:status>500 401 405</con:status><con:params/><con:element xmlns:fun="http://10.144.66.146/AXAHK_BusinessAPI_TCS/v1/restsvc/fund/funds">fun:Fault</con:element></con:representation><con:representation type="FAULT"><con:mediaType>application/xml; charset=UTF-8</con:mediaType><con:status>400</con:status><con:params/><con:element xmlns:enc="http://www.webMethods.com/2001/10/soap/encoding">enc:exception</con:element></con:representation><con:representation type="FAULT"><con:mediaType>text/html; charset=utf-8</con:mediaType><con:status>503</con:status><con:params/><con:element>html</con:element></con:representation><con:representation type="FAULT"><con:mediaType xsi:nil="true"/><con:status>404</con:status><con:params/><con:element>data</con:element></con:representation><con:representation type="FAULT"><con:mediaType xsi:nil="true"/><con:status>404</con:status><con:params/><con:element>data</con:element></con:representation><con:representation type="FAULT"><con:mediaType xsi:nil="true"/><con:status>404</con:status><con:params/><con:element>data</con:element></con:representation><con:representation type="FAULT"><con:mediaType xsi:nil="true"/><con:status>404</con:status><con:params/><con:element>data</con:element></con:representation><con:representation type="FAULT"><con:mediaType xsi:nil="true"/><con:status>404</con:status><con:params/><con:element>data</con:element></con:representation><con:representation type="RESPONSE"><con:mediaType xsi:nil="true"/><con:status>0</con:status><con:params/><con:element>data</con:element></con:representation><con:representation type="RESPONSE"><con:mediaType xsi:nil="true"/><con:status>0</con:status><con:params/><con:element>data</con:element></con:representation><con:representation type="RESPONSE"><con:mediaType xsi:nil="true"/><con:status>0</con:status><con:params/><con:element>data</con:element></con:representation><con:representation type="RESPONSE"><con:mediaType xsi:nil="true"/><con:status>0</con:status><con:params/><con:element>data</con:element></con:representation><con:representation type="FAULT"><con:mediaType>text/html; charset=UTF-8</con:mediaType><con:status>500</con:status><con:params/><con:element>html</con:element></con:representation><con:representation type="RESPONSE"><con:mediaType xsi:nil="true"/><con:status>0</con:status><con:params/><con:element>data</con:element></con:representation><con:representation type="RESPONSE"><con:mediaType xsi:nil="true"/><con:status>0</con:status><con:params/><con:element>data</con:element></con:representation><con:representation type="RESPONSE"><con:mediaType xsi:nil="true"/><con:status>0</con:status><con:params/><con:element>data</con:element></con:representation><con:representation type="RESPONSE"><con:mediaType xsi:nil="true"/><con:status>0</con:status><con:params/><con:element>data</con:element></con:representation><con:request name="FL_01_Success_GetFunds_header_channelCode=MyAXA_&amp;_Different_fundCode_exist" id="c1233768-d381-4441-b389-e5637951978f" mediaType="application/json"><con:settings><con:setting id="com.eviware.soapui.impl.wsdl.WsdlRequest@request-headers"><![CDATA[<xml-fragment xmlns:con="http://eviware.com/soapui/config">
  <con:entry key="x-axahk-channelcode" value="MyAXA"/>
  <con:entry key="x-axahk-msgid" value="FL_01"/>
  <con:entry key="x-axahk-lob" value="Life"/>
  <con:entry key="x-axahk-sourcesystem" value="RLS"/>
</xml-fragment>]]></con:setting></con:settings><con:endpoint>http://10.144.66.146:5500</con:endpoint><con:request/><con:originalUri>http://10.144.66.146/AXAHK_BusinessAPI_TCS/v1/restsvc/fund/funds</con:originalUri><con:credentials><con:authType>No Authorization</con:authType></con:credentials><con:jmsConfig JMSDeliveryMode="PERSISTENT"/><con:jmsPropertyConfig/><con:parameters><entry key="policyNumber" value="502-5253104" xmlns="http://eviware.com/soapui/config"/></con:parameters><con:parameterOrder><con:entry>policyNumber</con:entry></con:parameterOrder></con:request><con:request name="FL_02_Success_GetFunds_header_sourcesystem=RLS_&amp;_Different_fundName_exist" id="c1233768-d381-4441-b389-e5637951978f" mediaType="application/json"><con:settings><con:setting id="com.eviware.soapui.impl.wsdl.WsdlRequest@request-headers"><![CDATA[<xml-fragment xmlns:con="http://eviware.com/soapui/config">
  <con:entry key="x-axahk-msgid" value="FL_02"/>
  <con:entry key="x-axahk-sourcesystem" value="RLS"/>
  <con:entry key="x-axahk-channelcode" value="MyAXA"/>
  <con:entry key="x-axahk-lob" value="Life"/>
</xml-fragment>]]></con:setting></con:settings><con:endpoint>http://10.144.66.146:5500</con:endpoint><con:request/><con:originalUri>http://10.144.66.146/AXAHK_BusinessAPI_TCS/v1/restsvc/fund/funds</con:originalUri><con:credentials><con:authType>No Authorization</con:authType></con:credentials><con:jmsConfig JMSDeliveryMode="PERSISTENT"/><con:jmsPropertyConfig/><con:parameters><entry key="policyNumber" value="502-5254193" xmlns="http://eviware.com/soapui/config"/></con:parameters><con:parameterOrder><con:entry>policyNumber</con:entry></con:parameterOrder></con:request><con:request name="FL_03_Success_GetFunds_requestParam_policyNumber_is_valid" id="c1233768-d381-4441-b389-e5637951978f" mediaType="application/json"><con:settings><con:setting id="com.eviware.soapui.impl.wsdl.WsdlRequest@request-headers"><![CDATA[<xml-fragment xmlns:con="http://eviware.com/soapui/config">
  <con:entry key="x-axahk-msgid" value="FL_05"/>
  <con:entry key="x-axahk-sourcesystem" value="RLS"/>
  <con:entry key="x-axahk-channelcode" value="MyAXA"/>
  <con:entry key="x-axahk-lob" value="Life"/>
</xml-fragment>]]></con:setting></con:settings><con:endpoint>http://10.144.66.146:5500</con:endpoint><con:request/><con:originalUri>http://10.144.66.146/AXAHK_BusinessAPI_TCS/v1/restsvc/fund/funds</con:originalUri><con:credentials><con:authType>No Authorization</con:authType></con:credentials><con:jmsConfig JMSDeliveryMode="PERSISTENT"/><con:jmsPropertyConfig/><con:parameters><entry key="policyNumber" value="502-5254771" xmlns="http://eviware.com/soapui/config"/></con:parameters><con:parameterOrder><con:entry>policyNumber</con:entry></con:parameterOrder></con:request><con:request name="FL_04_Failure_GetFunds_blank_header_channelCode" id="c1233768-d381-4441-b389-e5637951978f" mediaType="application/json"><con:settings><con:setting id="com.eviware.soapui.impl.wsdl.WsdlRequest@request-headers"><![CDATA[<xml-fragment xmlns:con="http://eviware.com/soapui/config">
  <con:entry key="x-axahk-msgid" value="FL_07"/>
  <con:entry key="x-axahk-sourcesystem" value="RLS"/>
  <con:entry key="x-axahk-channelcode" value=""/>
  <con:entry key="x-axahk-lob" value="Life"/>
</xml-fragment>]]></con:setting></con:settings><con:endpoint>http://10.144.66.146:5500</con:endpoint><con:request/><con:originalUri>http://10.144.66.146/AXAHK_BusinessAPI_TCS/v1/restsvc/fund/funds</con:originalUri><con:credentials><con:authType>No Authorization</con:authType></con:credentials><con:jmsConfig JMSDeliveryMode="PERSISTENT"/><con:jmsPropertyConfig/><con:parameters><entry key="policyNumber" value="502-5253104" xmlns="http://eviware.com/soapui/config"/></con:parameters><con:parameterOrder><con:entry>policyNumber</con:entry></con:parameterOrder></con:request><con:request name="FL_05_Failure_GetFunds_invalid_header_channelCode" id="c1233768-d381-4441-b389-e5637951978f" mediaType="application/json"><con:settings><con:setting id="com.eviware.soapui.impl.wsdl.WsdlRequest@request-headers"><![CDATA[<xml-fragment xmlns:con="http://eviware.com/soapui/config">
  <con:entry key="x-axahk-msgid" value="FL_08"/>
  <con:entry key="x-axahk-sourcesystem" value="RLS"/>
  <con:entry key="x-axahk-channelcode" value="xxxx"/>
  <con:entry key="x-axahk-lob" value="Life"/>
</xml-fragment>]]></con:setting></con:settings><con:endpoint>http://10.144.66.146:5500</con:endpoint><con:request/><con:originalUri>http://10.144.66.146/AXAHK_BusinessAPI_TCS/v1/restsvc/fund/funds</con:originalUri><con:credentials><con:authType>No Authorization</con:authType></con:credentials><con:jmsConfig JMSDeliveryMode="PERSISTENT"/><con:jmsPropertyConfig/><con:parameters><entry key="policyNumber" value="502-5253104" xmlns="http://eviware.com/soapui/config"/></con:parameters><con:parameterOrder><con:entry>policyNumber</con:entry></con:parameterOrder></con:request><con:request name="FL_06_Failure_GetFunds_blank_header_sourcesystem" id="c1233768-d381-4441-b389-e5637951978f" mediaType="application/json"><con:settings><con:setting id="com.eviware.soapui.impl.wsdl.WsdlRequest@request-headers"><![CDATA[<xml-fragment xmlns:con="http://eviware.com/soapui/config">
  <con:entry key="x-axahk-msgid" value="FL_09"/>
  <con:entry key="x-axahk-sourcesystem" value=""/>
  <con:entry key="x-axahk-channelcode" value="MyAXA"/>
  <con:entry key="x-axahk-lob" value="Life"/>
</xml-fragment>]]></con:setting></con:settings><con:endpoint>http://10.144.66.146:5500</con:endpoint><con:request/><con:originalUri>http://10.144.66.146/AXAHK_BusinessAPI_TCS/v1/restsvc/fund/funds</con:originalUri><con:credentials><con:authType>No Authorization</con:authType></con:credentials><con:jmsConfig JMSDeliveryMode="PERSISTENT"/><con:jmsPropertyConfig/><con:parameters><entry key="policyNumber" value="502-5253104" xmlns="http://eviware.com/soapui/config"/></con:parameters><con:parameterOrder><con:entry>policyNumber</con:entry></con:parameterOrder></con:request><con:request name="FL_07_Failure_GetFunds_invalid_header_sourcesystem" id="c1233768-d381-4441-b389-e5637951978f" mediaType="application/json"><con:settings><con:setting id="com.eviware.soapui.impl.wsdl.WsdlRequest@request-headers"><![CDATA[<xml-fragment xmlns:con="http://eviware.com/soapui/config">
  <con:entry key="x-axahk-msgid" value="FL_10"/>
  <con:entry key="x-axahk-sourcesystem" value="xxxx"/>
  <con:entry key="x-axahk-channelcode" value="MyAXA"/>
  <con:entry key="x-axahk-lob" value="Life"/>
</xml-fragment>]]></con:setting></con:settings><con:endpoint>http://10.144.66.146:5500</con:endpoint><con:request/><con:originalUri>http://10.144.66.146/AXAHK_BusinessAPI_TCS/v1/restsvc/fund/funds</con:originalUri><con:credentials><con:authType>No Authorization</con:authType></con:credentials><con:jmsConfig JMSDeliveryMode="PERSISTENT"/><con:jmsPropertyConfig/><con:parameters><entry key="policyNumber" value="502-5253104" xmlns="http://eviware.com/soapui/config"/></con:parameters><con:parameterOrder><con:entry>policyNumber</con:entry></con:parameterOrder></con:request><con:request name="FL_08_Failure_GetFunds_blank_header_msgid" id="c1233768-d381-4441-b389-e5637951978f" mediaType="application/json"><con:settings><con:setting id="com.eviware.soapui.impl.wsdl.WsdlRequest@request-headers"><![CDATA[<xml-fragment xmlns:con="http://eviware.com/soapui/config">
  <con:entry key="x-axahk-msgid" value=""/>
  <con:entry key="x-axahk-sourcesystem" value="RLS"/>
  <con:entry key="x-axahk-channelcode" value="MyAXA"/>
  <con:entry key="x-axahk-lob" value="Life"/>
</xml-fragment>]]></con:setting></con:settings><con:endpoint>http://10.144.66.146:5500</con:endpoint><con:request/><con:originalUri>http://10.144.66.146/AXAHK_BusinessAPI_TCS/v1/restsvc/fund/funds</con:originalUri><con:credentials><con:authType>No Authorization</con:authType></con:credentials><con:jmsConfig JMSDeliveryMode="PERSISTENT"/><con:jmsPropertyConfig/><con:parameters><entry key="policyNumber" value="502-5253104" xmlns="http://eviware.com/soapui/config"/></con:parameters><con:parameterOrder><con:entry>policyNumber</con:entry></con:parameterOrder></con:request><con:request name="FL_09_Failure_GetFunds_blank_header_lob" id="c1233768-d381-4441-b389-e5637951978f" mediaType="application/json"><con:settings><con:setting id="com.eviware.soapui.impl.wsdl.WsdlRequest@request-headers"><![CDATA[<xml-fragment xmlns:con="http://eviware.com/soapui/config">
  <con:entry key="x-axahk-msgid" value="FL_12"/>
  <con:entry key="x-axahk-sourcesystem" value="RLS"/>
  <con:entry key="x-axahk-channelcode" value="MyAXA"/>
  <con:entry key="x-axahk-lob" value=""/>
</xml-fragment>]]></con:setting></con:settings><con:endpoint>http://10.144.66.146:5500</con:endpoint><con:request/><con:originalUri>http://10.144.66.146/AXAHK_BusinessAPI_TCS/v1/restsvc/fund/funds</con:originalUri><con:credentials><con:authType>No Authorization</con:authType></con:credentials><con:jmsConfig JMSDeliveryMode="PERSISTENT"/><con:jmsPropertyConfig/><con:parameters><entry key="policyNumber" value="502-5253104" xmlns="http://eviware.com/soapui/config"/></con:parameters><con:parameterOrder><con:entry>policyNumber</con:entry></con:parameterOrder></con:request><con:request name="FL_10_Failure_GetFunds_invalid_header_lob" id="c1233768-d381-4441-b389-e5637951978f" mediaType="application/json"><con:settings><con:setting id="com.eviware.soapui.impl.wsdl.WsdlRequest@request-headers"><![CDATA[<xml-fragment xmlns:con="http://eviware.com/soapui/config">
  <con:entry key="x-axahk-msgid" value="FL_13"/>
  <con:entry key="x-axahk-sourcesystem" value="RLS"/>
  <con:entry key="x-axahk-channelcode" value="MyAXA"/>
  <con:entry key="x-axahk-lob" value="xxxx"/>
</xml-fragment>]]></con:setting></con:settings><con:endpoint>http://10.144.66.146:5500</con:endpoint><con:request/><con:originalUri>http://10.144.66.146/AXAHK_BusinessAPI_TCS/v1/restsvc/fund/funds</con:originalUri><con:credentials><con:authType>No Authorization</con:authType></con:credentials><con:jmsConfig JMSDeliveryMode="PERSISTENT"/><con:jmsPropertyConfig/><con:parameters><entry key="policyNumber" value="502-5253104" xmlns="http://eviware.com/soapui/config"/></con:parameters><con:parameterOrder><con:entry>policyNumber</con:entry></con:parameterOrder></con:request><con:request name="FL_11_Failure_GetFunds_blank_requestParam_policyNumber" id="c1233768-d381-4441-b389-e5637951978f" mediaType="application/json"><con:settings><con:setting id="com.eviware.soapui.impl.wsdl.WsdlRequest@request-headers"><![CDATA[<xml-fragment xmlns:con="http://eviware.com/soapui/config">
  <con:entry key="x-axahk-msgid" value="FL_14"/>
  <con:entry key="x-axahk-sourcesystem" value="RLS"/>
  <con:entry key="x-axahk-channelcode" value="MyAXA"/>
  <con:entry key="x-axahk-lob" value="Life"/>
</xml-fragment>]]></con:setting></con:settings><con:endpoint>http://10.144.66.146:5500</con:endpoint><con:request/><con:originalUri>http://10.144.66.146/AXAHK_BusinessAPI_TCS/v1/restsvc/fund/funds</con:originalUri><con:credentials><con:authType>No Authorization</con:authType></con:credentials><con:jmsConfig JMSDeliveryMode="PERSISTENT"/><con:jmsPropertyConfig/><con:parameters/><con:parameterOrder><con:entry>policyNumber</con:entry></con:parameterOrder></con:request><con:request name="FL_12_Failure_GetFunds_invalid_requestParam_policyNumber" id="c1233768-d381-4441-b389-e5637951978f" mediaType="application/json"><con:settings><con:setting id="com.eviware.soapui.impl.wsdl.WsdlRequest@request-headers"><![CDATA[<xml-fragment xmlns:con="http://eviware.com/soapui/config">
  <con:entry key="x-axahk-msgid" value="FL_15"/>
  <con:entry key="x-axahk-sourcesystem" value="RLS"/>
  <con:entry key="x-axahk-channelcode" value="MyAXA"/>
  <con:entry key="x-axahk-lob" value="Life"/>
</xml-fragment>]]></con:setting></con:settings><con:endpoint>http://10.144.66.146:5500</con:endpoint><con:request/><con:originalUri>http://10.144.66.146/AXAHK_BusinessAPI_TCS/v1/restsvc/fund/funds</con:originalUri><con:credentials><con:authType>No Authorization</con:authType></con:credentials><con:jmsConfig JMSDeliveryMode="PERSISTENT"/><con:jmsPropertyConfig/><con:parameters><entry key="policyNumber" value="xxxxx" xmlns="http://eviware.com/soapui/config"/></con:parameters><con:parameterOrder><con:entry>policyNumber</con:entry></con:parameterOrder></con:request></con:method></con:resource></con:interface><con:testSuite id="b3d3a2eb-c580-4f71-9660-f68b01f347dc" name="http://10.144.66.146:5500 TestSuite"><con:description>TestSuite generated for REST Service [http://10.144.66.146:5500]</con:description><con:settings/><con:runType>SEQUENTIAL</con:runType><con:testCase id="5acff574-428f-41d9-8ed7-eb749e1fc14b" failOnError="true" failTestCaseOnErrors="true" keepSession="false" maxResults="0" name="Funds TestCase" searchProperties="true"><con:description>TestCase generated for REST Resource [Funds] located at [/ws/fund-business-apis-v1/funds]</con:description><con:settings/><con:testStep type="restrequest" name="FL_01_Success_GetFunds_header_channelCode=MyAXA_&amp;_Different_fundCode_exist" id="69a87591-6beb-4ba1-bf5b-8e194eca8143"><con:settings/><con:config service="http://10.144.66.146:5500" resourcePath="/ws/fund-business-apis-v1/funds" methodName="Funds" xsi:type="con:RestRequestStep" xmlns:xsi="http://www.w3.org/2001/XMLSchema-instance"><con:restRequest name="FL_01_Success_GetFunds_header_channelCode=MyAXA_&amp;_Different_fundCode_exist" id="c1233768-d381-4441-b389-e5637951978f" mediaType="application/json"><con:settings><con:setting id="com.eviware.soapui.impl.wsdl.WsdlRequest@request-headers"><![CDATA[<xml-fragment xmlns:con="http://eviware.com/soapui/config">
  <con:entry key="x-axahk-channelcode" value="MyAXA"/>
  <con:entry key="x-axahk-msgid" value="FL_01"/>
  <con:entry key="x-axahk-lob" value="Life"/>
  <con:entry key="x-axahk-sourcesystem" value="RLS"/>
</xml-fragment>]]></con:setting></con:settings><con:endpoint>http://10.144.66.146:5500</con:endpoint><con:request/><con:originalUri>http://10.144.66.146/AXAHK_BusinessAPI_TCS/v1/restsvc/fund/funds</con:originalUri><con:credentials><con:authType>No Authorization</con:authType></con:credentials><con:jmsConfig JMSDeliveryMode="PERSISTENT"/><con:jmsPropertyConfig/><con:parameters><entry key="policyNumber" value="502-5253104" xmlns="http://eviware.com/soapui/config"/></con:parameters><con:parameterOrder><con:entry>policyNumber</con:entry></con:parameterOrder></con:restRequest></con:config></con:testStep><con:testStep type="restrequest" name="FL_02_Success_GetFunds_header_sourcesystem=RLS_&amp;_Different_fundName_exist" id="3dc3a7cb-a356-4a09-9c51-9cab791b5746"><con:settings/><con:config service="http://10.144.66.146:5500" resourcePath="/ws/fund-business-apis-v1/funds" methodName="Funds" xsi:type="con:RestRequestStep" xmlns:xsi="http://www.w3.org/2001/XMLSchema-instance"><con:restRequest name="FL_02_Success_GetFunds_header_sourcesystem=RLS_&amp;_Different_fundName_exist" id="c1233768-d381-4441-b389-e5637951978f" mediaType="application/json"><con:settings><con:setting id="com.eviware.soapui.impl.wsdl.WsdlRequest@request-headers"><![CDATA[<xml-fragment xmlns:con="http://eviware.com/soapui/config">
  <con:entry key="x-axahk-msgid" value="FL_02"/>
  <con:entry key="x-axahk-sourcesystem" value="RLS"/>
  <con:entry key="x-axahk-channelcode" value="MyAXA"/>
  <con:entry key="x-axahk-lob" value="Life"/>
</xml-fragment>]]></con:setting></con:settings><con:endpoint>http://10.144.66.146:5500</con:endpoint><con:request/><con:originalUri>http://10.144.66.146/AXAHK_BusinessAPI_TCS/v1/restsvc/fund/funds</con:originalUri><con:credentials><con:authType>No Authorization</con:authType></con:credentials><con:jmsConfig JMSDeliveryMode="PERSISTENT"/><con:jmsPropertyConfig/><con:parameters><entry key="policyNumber" value="502-5254193" xmlns="http://eviware.com/soapui/config"/></con:parameters><con:parameterOrder><con:entry>policyNumber</con:entry></con:parameterOrder></con:restRequest></con:config></con:testStep><con:testStep type="restrequest" name="FL_03_Success_GetFunds_requestParam_policyNumber_is_valid" id="43f9b0d9-c7a3-4acc-a0e3-181f1474a333"><con:settings/><con:config service="http://10.144.66.146:5500" resourcePath="/ws/fund-business-apis-v1/funds" methodName="Funds" xsi:type="con:RestRequestStep" xmlns:xsi="http://www.w3.org/2001/XMLSchema-instance"><con:restRequest name="FL_03_Success_GetFunds_requestParam_policyNumber_is_valid" id="c1233768-d381-4441-b389-e5637951978f" mediaType="application/json"><con:settings><con:setting id="com.eviware.soapui.impl.wsdl.WsdlRequest@request-headers"><![CDATA[<xml-fragment xmlns:con="http://eviware.com/soapui/config">
  <con:entry key="x-axahk-msgid" value="FL_05"/>
  <con:entry key="x-axahk-sourcesystem" value="RLS"/>
  <con:entry key="x-axahk-channelcode" value="MyAXA"/>
  <con:entry key="x-axahk-lob" value="Life"/>
</xml-fragment>]]></con:setting></con:settings><con:endpoint>http://10.144.66.146:5500</con:endpoint><con:request/><con:originalUri>http://10.144.66.146/AXAHK_BusinessAPI_TCS/v1/restsvc/fund/funds</con:originalUri><con:credentials><con:authType>No Authorization</con:authType></con:credentials><con:jmsConfig JMSDeliveryMode="PERSISTENT"/><con:jmsPropertyConfig/><con:parameters><entry key="policyNumber" value="502-5254771" xmlns="http://eviware.com/soapui/config"/></con:parameters><con:parameterOrder><con:entry>policyNumber</con:entry></con:parameterOrder></con:restRequest></con:config></con:testStep><con:testStep type="restrequest" name="FL_04_Failure_GetFunds_blank_header_channelCode" id="d22cdf0d-14d9-46b6-a27b-38bcfcac45a8"><con:settings/><con:config service="http://10.144.66.146:5500" resourcePath="/ws/fund-business-apis-v1/funds" methodName="Funds" xsi:type="con:RestRequestStep" xmlns:xsi="http://www.w3.org/2001/XMLSchema-instance"><con:restRequest name="FL_04_Failure_GetFunds_blank_header_channelCode" id="c1233768-d381-4441-b389-e5637951978f" mediaType="application/json"><con:settings><con:setting id="com.eviware.soapui.impl.wsdl.WsdlRequest@request-headers"><![CDATA[<xml-fragment xmlns:con="http://eviware.com/soapui/config">
  <con:entry key="x-axahk-msgid" value="FL_07"/>
  <con:entry key="x-axahk-sourcesystem" value="RLS"/>
  <con:entry key="x-axahk-channelcode" value=""/>
  <con:entry key="x-axahk-lob" value="Life"/>
</xml-fragment>]]></con:setting></con:settings><con:endpoint>http://10.144.66.146:5500</con:endpoint><con:request/><con:originalUri>http://10.144.66.146/AXAHK_BusinessAPI_TCS/v1/restsvc/fund/funds</con:originalUri><con:credentials><con:authType>No Authorization</con:authType></con:credentials><con:jmsConfig JMSDeliveryMode="PERSISTENT"/><con:jmsPropertyConfig/><con:parameters><entry key="policyNumber" value="502-5253104" xmlns="http://eviware.com/soapui/config"/></con:parameters><con:parameterOrder><con:entry>policyNumber</con:entry></con:parameterOrder></con:restRequest></con:config></con:testStep><con:testStep type="restrequest" name="FL_05_Failure_GetFunds_invalid_header_channelCode" id="acba79c0-06cc-4e22-bffa-05a05da376cd"><con:settings/><con:config service="http://10.144.66.146:5500" resourcePath="/ws/fund-business-apis-v1/funds" methodName="Funds" xsi:type="con:RestRequestStep" xmlns:xsi="http://www.w3.org/2001/XMLSchema-instance"><con:restRequest name="FL_05_Failure_GetFunds_invalid_header_channelCode" id="c1233768-d381-4441-b389-e5637951978f" mediaType="application/json"><con:settings><con:setting id="com.eviware.soapui.impl.wsdl.WsdlRequest@request-headers"><![CDATA[<xml-fragment xmlns:con="http://eviware.com/soapui/config">
  <con:entry key="x-axahk-msgid" value="FL_08"/>
  <con:entry key="x-axahk-sourcesystem" value="RLS"/>
  <con:entry key="x-axahk-channelcode" value="xxxx"/>
  <con:entry key="x-axahk-lob" value="Life"/>
</xml-fragment>]]></con:setting></con:settings><con:endpoint>http://10.144.66.146:5500</con:endpoint><con:request/><con:originalUri>http://10.144.66.146/AXAHK_BusinessAPI_TCS/v1/restsvc/fund/funds</con:originalUri><con:credentials><con:authType>No Authorization</con:authType></con:credentials><con:jmsConfig JMSDeliveryMode="PERSISTENT"/><con:jmsPropertyConfig/><con:parameters><entry key="policyNumber" value="502-5253104" xmlns="http://eviware.com/soapui/config"/></con:parameters><con:parameterOrder><con:entry>policyNumber</con:entry></con:parameterOrder></con:restRequest></con:config></con:testStep><con:testStep type="restrequest" name="FL_06_Failure_GetFunds_blank_header_sourcesystem" id="0588068a-e7db-475f-bb27-af6cb18e5576"><con:settings/><con:config service="http://10.144.66.146:5500" resourcePath="/ws/fund-business-apis-v1/funds" methodName="Funds" xsi:type="con:RestRequestStep" xmlns:xsi="http://www.w3.org/2001/XMLSchema-instance"><con:restRequest name="FL_06_Failure_GetFunds_blank_header_sourcesystem" id="c1233768-d381-4441-b389-e5637951978f" mediaType="application/json"><con:settings><con:setting id="com.eviware.soapui.impl.wsdl.WsdlRequest@request-headers"><![CDATA[<xml-fragment xmlns:con="http://eviware.com/soapui/config">
  <con:entry key="x-axahk-msgid" value="FL_09"/>
  <con:entry key="x-axahk-sourcesystem" value=""/>
  <con:entry key="x-axahk-channelcode" value="MyAXA"/>
  <con:entry key="x-axahk-lob" value="Life"/>
</xml-fragment>]]></con:setting></con:settings><con:endpoint>http://10.144.66.146:5500</con:endpoint><con:request/><con:originalUri>http://10.144.66.146/AXAHK_BusinessAPI_TCS/v1/restsvc/fund/funds</con:originalUri><con:credentials><con:authType>No Authorization</con:authType></con:credentials><con:jmsConfig JMSDeliveryMode="PERSISTENT"/><con:jmsPropertyConfig/><con:parameters><entry key="policyNumber" value="502-5253104" xmlns="http://eviware.com/soapui/config"/></con:parameters><con:parameterOrder><con:entry>policyNumber</con:entry></con:parameterOrder></con:restRequest></con:config></con:testStep><con:testStep type="restrequest" name="FL_07_Failure_GetFunds_invalid_header_sourcesystem" id="548f50aa-2eb9-4519-981e-da843ce7a56b"><con:settings/><con:config service="http://10.144.66.146:5500" resourcePath="/ws/fund-business-apis-v1/funds" methodName="Funds" xsi:type="con:RestRequestStep" xmlns:xsi="http://www.w3.org/2001/XMLSchema-instance"><con:restRequest name="FL_07_Failure_GetFunds_invalid_header_sourcesystem" id="c1233768-d381-4441-b389-e5637951978f" mediaType="application/json"><con:settings><con:setting id="com.eviware.soapui.impl.wsdl.WsdlRequest@request-headers"><![CDATA[<xml-fragment xmlns:con="http://eviware.com/soapui/config">
  <con:entry key="x-axahk-msgid" value="FL_10"/>
  <con:entry key="x-axahk-sourcesystem" value="xxxx"/>
  <con:entry key="x-axahk-channelcode" value="MyAXA"/>
  <con:entry key="x-axahk-lob" value="Life"/>
</xml-fragment>]]></con:setting></con:settings><con:endpoint>http://10.144.66.146:5500</con:endpoint><con:request/><con:originalUri>http://10.144.66.146/AXAHK_BusinessAPI_TCS/v1/restsvc/fund/funds</con:originalUri><con:credentials><con:authType>No Authorization</con:authType></con:credentials><con:jmsConfig JMSDeliveryMode="PERSISTENT"/><con:jmsPropertyConfig/><con:parameters><entry key="policyNumber" value="502-5253104" xmlns="http://eviware.com/soapui/config"/></con:parameters><con:parameterOrder><con:entry>policyNumber</con:entry></con:parameterOrder></con:restRequest></con:config></con:testStep><con:testStep type="restrequest" name="FL_08_Failure_GetFunds_blank_header_msgid" id="55e156c8-b592-4fca-847b-8ae36c4603bd"><con:settings/><con:config service="http://10.144.66.146:5500" resourcePath="/ws/fund-business-apis-v1/funds" methodName="Funds" xsi:type="con:RestRequestStep" xmlns:xsi="http://www.w3.org/2001/XMLSchema-instance"><con:restRequest name="FL_08_Failure_GetFunds_blank_header_msgid" id="c1233768-d381-4441-b389-e5637951978f" mediaType="application/json"><con:settings><con:setting id="com.eviware.soapui.impl.wsdl.WsdlRequest@request-headers"><![CDATA[<xml-fragment xmlns:con="http://eviware.com/soapui/config">
  <con:entry key="x-axahk-msgid" value=""/>
  <con:entry key="x-axahk-sourcesystem" value="RLS"/>
  <con:entry key="x-axahk-channelcode" value="MyAXA"/>
  <con:entry key="x-axahk-lob" value="Life"/>
</xml-fragment>]]></con:setting></con:settings><con:endpoint>http://10.144.66.146:5500</con:endpoint><con:request/><con:originalUri>http://10.144.66.146/AXAHK_BusinessAPI_TCS/v1/restsvc/fund/funds</con:originalUri><con:credentials><con:authType>No Authorization</con:authType></con:credentials><con:jmsConfig JMSDeliveryMode="PERSISTENT"/><con:jmsPropertyConfig/><con:parameters><entry key="policyNumber" value="502-5253104" xmlns="http://eviware.com/soapui/config"/></con:parameters><con:parameterOrder><con:entry>policyNumber</con:entry></con:parameterOrder></con:restRequest></con:config></con:testStep><con:testStep type="restrequest" name="FL_09_Failure_GetFunds_blank_header_lob" id="704c9f20-d7a4-4747-89d0-406a720916cb"><con:settings/><con:config service="http://10.144.66.146:5500" resourcePath="/ws/fund-business-apis-v1/funds" methodName="Funds" xsi:type="con:RestRequestStep" xmlns:xsi="http://www.w3.org/2001/XMLSchema-instance"><con:restRequest name="FL_09_Failure_GetFunds_blank_header_lob" id="c1233768-d381-4441-b389-e5637951978f" mediaType="application/json"><con:settings><con:setting id="com.eviware.soapui.impl.wsdl.WsdlRequest@request-headers"><![CDATA[<xml-fragment xmlns:con="http://eviware.com/soapui/config">
  <con:entry key="x-axahk-msgid" value="FL_12"/>
  <con:entry key="x-axahk-sourcesystem" value="RLS"/>
  <con:entry key="x-axahk-channelcode" value="MyAXA"/>
  <con:entry key="x-axahk-lob" value=""/>
</xml-fragment>]]></con:setting></con:settings><con:endpoint>http://10.144.66.146:5500</con:endpoint><con:request/><con:originalUri>http://10.144.66.146/AXAHK_BusinessAPI_TCS/v1/restsvc/fund/funds</con:originalUri><con:credentials><con:authType>No Authorization</con:authType></con:credentials><con:jmsConfig JMSDeliveryMode="PERSISTENT"/><con:jmsPropertyConfig/><con:parameters><entry key="policyNumber" value="502-5253104" xmlns="http://eviware.com/soapui/config"/></con:parameters><con:parameterOrder><con:entry>policyNumber</con:entry></con:parameterOrder></con:restRequest></con:config></con:testStep><con:testStep type="restrequest" name="FL_10_Failure_GetFunds_invalid_header_lob" id="a5d67506-bc88-440e-aa8d-5edb5f8e15a9"><con:settings/><con:config service="http://10.144.66.146:5500" resourcePath="/ws/fund-business-apis-v1/funds" methodName="Funds" xsi:type="con:RestRequestStep" xmlns:xsi="http://www.w3.org/2001/XMLSchema-instance"><con:restRequest name="FL_10_Failure_GetFunds_invalid_header_lob" id="c1233768-d381-4441-b389-e5637951978f" mediaType="application/json"><con:settings><con:setting id="com.eviware.soapui.impl.wsdl.WsdlRequest@request-headers"><![CDATA[<xml-fragment xmlns:con="http://eviware.com/soapui/config">
  <con:entry key="x-axahk-msgid" value="FL_13"/>
  <con:entry key="x-axahk-sourcesystem" value="RLS"/>
  <con:entry key="x-axahk-channelcode" value="MyAXA"/>
  <con:entry key="x-axahk-lob" value="xxxx"/>
</xml-fragment>]]></con:setting></con:settings><con:endpoint>http://10.144.66.146:5500</con:endpoint><con:request/><con:originalUri>http://10.144.66.146/AXAHK_BusinessAPI_TCS/v1/restsvc/fund/funds</con:originalUri><con:credentials><con:authType>No Authorization</con:authType></con:credentials><con:jmsConfig JMSDeliveryMode="PERSISTENT"/><con:jmsPropertyConfig/><con:parameters><entry key="policyNumber" value="502-5253104" xmlns="http://eviware.com/soapui/config"/></con:parameters><con:parameterOrder><con:entry>policyNumber</con:entry></con:parameterOrder></con:restRequest></con:config></con:testStep><con:testStep type="restrequest" name="FL_11_Failure_GetFunds_blank_requestParam_policyNumber" id="5434ac5f-8721-4562-941f-13650c1c83ab"><con:settings/><con:config service="http://10.144.66.146:5500" resourcePath="/ws/fund-business-apis-v1/funds" methodName="Funds" xsi:type="con:RestRequestStep" xmlns:xsi="http://www.w3.org/2001/XMLSchema-instance"><con:restRequest name="FL_11_Failure_GetFunds_blank_requestParam_policyNumber" id="c1233768-d381-4441-b389-e5637951978f" mediaType="application/json"><con:settings><con:setting id="com.eviware.soapui.impl.wsdl.WsdlRequest@request-headers"><![CDATA[<xml-fragment xmlns:con="http://eviware.com/soapui/config">
  <con:entry key="x-axahk-msgid" value="FL_14"/>
  <con:entry key="x-axahk-sourcesystem" value="RLS"/>
  <con:entry key="x-axahk-channelcode" value="MyAXA"/>
  <con:entry key="x-axahk-lob" value="Life"/>
</xml-fragment>]]></con:setting></con:settings><con:endpoint>http://10.144.66.146:5500</con:endpoint><con:request/><con:originalUri>http://10.144.66.146/AXAHK_BusinessAPI_TCS/v1/restsvc/fund/funds</con:originalUri><con:credentials><con:authType>No Authorization</con:authType></con:credentials><con:jmsConfig JMSDeliveryMode="PERSISTENT"/><con:jmsPropertyConfig/><con:parameters/><con:parameterOrder><con:entry>policyNumber</con:entry></con:parameterOrder></con:restRequest></con:config></con:testStep><con:testStep type="restrequest" name="FL_12_Failure_GetFunds_invalid_requestParam_policyNumber" id="66f2f4c6-a4db-4f74-be51-57828da9e471"><con:settings/><con:config service="http://10.144.66.146:5500" resourcePath="/ws/fund-business-apis-v1/funds" methodName="Funds" xsi:type="con:RestRequestStep" xmlns:xsi="http://www.w3.org/2001/XMLSchema-instance"><con:restRequest name="FL_12_Failure_GetFunds_invalid_requestParam_policyNumber" id="c1233768-d381-4441-b389-e5637951978f" mediaType="application/json"><con:settings><con:setting id="com.eviware.soapui.impl.wsdl.WsdlRequest@request-headers"><![CDATA[<xml-fragment xmlns:con="http://eviware.com/soapui/config">
  <con:entry key="x-axahk-msgid" value="FL_15"/>
  <con:entry key="x-axahk-sourcesystem" value="RLS"/>
  <con:entry key="x-axahk-channelcode" value="MyAXA"/>
  <con:entry key="x-axahk-lob" value="Life"/>
</xml-fragment>]]></con:setting></con:settings><con:endpoint>http://10.144.66.146:5500</con:endpoint><con:request/><con:originalUri>http://10.144.66.146/AXAHK_BusinessAPI_TCS/v1/restsvc/fund/funds</con:originalUri><con:credentials><con:authType>No Authorization</con:authType></con:credentials><con:jmsConfig JMSDeliveryMode="PERSISTENT"/><con:jmsPropertyConfig/><con:parameters><entry key="policyNumber" value="xxxxx" xmlns="http://eviware.com/soapui/config"/></con:parameters><con:parameterOrder><con:entry>policyNumber</con:entry></con:parameterOrder></con:restRequest></con:config></con:testStep><con:properties/></con:testCase><con:properties/></con:testSuite><con:properties/><con:wssContainer/><con:oAuth2ProfileContainer/><con:oAuth1ProfileContainer/><con:sensitiveInformation/></con:soapui-project>