<?xml version="1.0" encoding="UTF-8"?>
<con:soapui-project id="25567903-0232-4e34-9118-4e69ea28c91b" activeEnvironment="Default" name="MREM-1339 GET Payment History for Life" soapui-version="5.2.1" abortOnError="false" runType="SEQUENTIAL" resourceRoot="${projectDir}" xmlns:con="http://eviware.com/soapui/config"><con:settings/><con:interface xsi:type="con:RestService" id="028af45a-91bc-4fea-9cce-4eb151538106" wadlVersion="http://wadl.dev.java.net/2009/02" name="http://10.144.66.146:5500" type="rest" xmlns:xsi="http://www.w3.org/2001/XMLSchema-instance"><con:settings/><con:definitionCache type="TEXT" rootPart=""/><con:endpoints><con:endpoint>http://10.144.66.148:5590</con:endpoint></con:endpoints><con:resource name="Payments" path="/ws/payment-business-apis-v1/payments" id="c9e9207a-2a12-4d3e-baa2-0eafe12d60f5"><con:settings/><con:parameters><con:parameter><con:name>policyNumber</con:name><con:value/><con:style>QUERY</con:style><con:default/><con:description xsi:nil="true"/></con:parameter></con:parameters><con:method name="Payments" id="cd9dbffc-d068-4091-a750-6e452cbed6c1" method="GET"><con:settings/><con:parameters/><con:representation type="RESPONSE"><con:mediaType>application/json; charset=UTF-8</con:mediaType><con:status>200</con:status><con:params/><con:element>Response</con:element></con:representation><con:representation type="FAULT"><con:mediaType>application/json; charset=UTF-8</con:mediaType><con:status>500 405</con:status><con:params/><con:element xmlns:pay="http://10.144.66.146/rest/AXAHK_BusinessAPI_TCS/v1/restsvc/payment/payments">pay:Fault</con:element></con:representation><con:representation type="FAULT"><con:mediaType>text/html; charset=UTF-8</con:mediaType><con:status>500</con:status><con:params/><con:element>html</con:element></con:representation><con:representation type="FAULT"><con:mediaType>application/xml; charset=UTF-8</con:mediaType><con:status>400</con:status><con:params/><con:element xmlns:enc="http://www.webMethods.com/2001/10/soap/encoding">enc:exception</con:element></con:representation><con:request name="RPL_01: Successful: Headers(Populated), policyNumber(valid), paymentMethodCode as 'PPS'&amp;'CH'" id="fd6d7479-2ee2-4f3a-b321-1dbf9183996f" mediaType="application/json"><con:settings><con:setting id="com.eviware.soapui.impl.wsdl.WsdlRequest@request-headers"><![CDATA[<xml-fragment xmlns:con="http://eviware.com/soapui/config">
  <con:entry key="x-axahk-msgid" value="RPL_01"/>
  <con:entry key="x-axahk-sourcesystem" value="RLS"/>
  <con:entry key="x-axahk-channelcode" value="MyAXA"/>
  <con:entry key="x-axahk-lob" value="Life"/>
</xml-fragment>]]></con:setting></con:settings><con:endpoint>http://10.144.66.148:5590</con:endpoint><con:request/><con:originalUri>http://10.144.66.146/rest/AXAHK_BusinessAPI_TCS/v1/restsvc/payment/payments</con:originalUri><con:credentials><con:authType>No Authorization</con:authType></con:credentials><con:jmsConfig JMSDeliveryMode="PERSISTENT"/><con:jmsPropertyConfig/><con:parameters><entry key="policyNumber" value="302-3840295" xmlns="http://eviware.com/soapui/config"/></con:parameters><con:parameterOrder><con:entry>policyNumber</con:entry></con:parameterOrder></con:request><con:request name="RPL_02: Successful: Headers(Populated) &amp; policyNumber(valid) with paymentMethodCode as 'MUL' &amp; 'CA'" id="fd6d7479-2ee2-4f3a-b321-1dbf9183996f" mediaType="application/json"><con:settings><con:setting id="com.eviware.soapui.impl.wsdl.WsdlRequest@request-headers"><![CDATA[<xml-fragment xmlns:con="http://eviware.com/soapui/config">
  <con:entry key="x-axahk-msgid" value="RPL_02"/>
  <con:entry key="x-axahk-sourcesystem" value="RLS"/>
  <con:entry key="x-axahk-channelcode" value="MyAXA"/>
  <con:entry key="x-axahk-lob" value="Life"/>
</xml-fragment>]]></con:setting></con:settings><con:endpoint>http://10.144.66.148:5590</con:endpoint><con:request/><con:originalUri>http://10.144.66.146/rest/AXAHK_BusinessAPI_TCS/v1/restsvc/payment/payments</con:originalUri><con:credentials><con:authType>No Authorization</con:authType></con:credentials><con:jmsConfig JMSDeliveryMode="PERSISTENT"/><con:jmsPropertyConfig/><con:parameters><entry key="policyNumber" value="503-8394317" xmlns="http://eviware.com/soapui/config"/></con:parameters><con:parameterOrder><con:entry>policyNumber</con:entry></con:parameterOrder></con:request><con:request name="RPL_03: Failure: Header parameter, channelCode(blank)" id="fd6d7479-2ee2-4f3a-b321-1dbf9183996f" mediaType="application/json"><con:settings><con:setting id="com.eviware.soapui.impl.wsdl.WsdlRequest@request-headers"><![CDATA[<xml-fragment xmlns:con="http://eviware.com/soapui/config">
  <con:entry key="x-axahk-msgid" value="RPL_05"/>
  <con:entry key="x-axahk-sourcesystem" value="RLS"/>
  <con:entry key="x-axahk-channelcode" value=""/>
  <con:entry key="x-axahk-lob" value="Life"/>
</xml-fragment>]]></con:setting></con:settings><con:endpoint>http://10.144.66.148:5590</con:endpoint><con:request/><con:originalUri>http://10.144.66.146/rest/AXAHK_BusinessAPI_TCS/v1/restsvc/payment/payments</con:originalUri><con:credentials><con:authType>No Authorization</con:authType></con:credentials><con:jmsConfig JMSDeliveryMode="PERSISTENT"/><con:jmsPropertyConfig/><con:parameters><entry key="policyNumber" value="501-6394826" xmlns="http://eviware.com/soapui/config"/></con:parameters><con:parameterOrder><con:entry>policyNumber</con:entry></con:parameterOrder></con:request><con:request name="RPL_04: Failure: Header parameter, channelCode(invalid)" id="fd6d7479-2ee2-4f3a-b321-1dbf9183996f" mediaType="application/json"><con:settings><con:setting id="com.eviware.soapui.impl.wsdl.WsdlRequest@request-headers"><![CDATA[<xml-fragment xmlns:con="http://eviware.com/soapui/config">
  <con:entry key="x-axahk-msgid" value="RPL_05"/>
  <con:entry key="x-axahk-sourcesystem" value="RLS"/>
  <con:entry key="x-axahk-channelcode" value="xxxx"/>
  <con:entry key="x-axahk-lob" value="Life"/>
</xml-fragment>]]></con:setting></con:settings><con:endpoint>http://10.144.66.148:5590</con:endpoint><con:request/><con:originalUri>http://10.144.66.146/rest/AXAHK_BusinessAPI_TCS/v1/restsvc/payment/payments</con:originalUri><con:credentials><con:authType>No Authorization</con:authType></con:credentials><con:jmsConfig JMSDeliveryMode="PERSISTENT"/><con:jmsPropertyConfig/><con:parameters><entry key="policyNumber" value="501-6394826" xmlns="http://eviware.com/soapui/config"/></con:parameters><con:parameterOrder><con:entry>policyNumber</con:entry></con:parameterOrder></con:request><con:request name="RPL_05: Failure: Header parameter, sourcesystem(blank)" id="fd6d7479-2ee2-4f3a-b321-1dbf9183996f" mediaType="application/json"><con:settings><con:setting id="com.eviware.soapui.impl.wsdl.WsdlRequest@request-headers"><![CDATA[<xml-fragment xmlns:con="http://eviware.com/soapui/config">
  <con:entry key="x-axahk-msgid" value="RPL_05"/>
  <con:entry key="x-axahk-sourcesystem" value=""/>
  <con:entry key="x-axahk-channelcode" value="MyAXA"/>
  <con:entry key="x-axahk-lob" value="Life"/>
</xml-fragment>]]></con:setting></con:settings><con:endpoint>http://10.144.66.148:5590</con:endpoint><con:request/><con:originalUri>http://10.144.66.146/rest/AXAHK_BusinessAPI_TCS/v1/restsvc/payment/payments</con:originalUri><con:credentials><con:authType>No Authorization</con:authType></con:credentials><con:jmsConfig JMSDeliveryMode="PERSISTENT"/><con:jmsPropertyConfig/><con:parameters><entry key="policyNumber" value="501-6394826" xmlns="http://eviware.com/soapui/config"/></con:parameters><con:parameterOrder><con:entry>policyNumber</con:entry></con:parameterOrder></con:request><con:request name="RPL_06: Failure: Header parameter, sourcesystem(invalid)" id="fd6d7479-2ee2-4f3a-b321-1dbf9183996f" mediaType="application/json"><con:settings><con:setting id="com.eviware.soapui.impl.wsdl.WsdlRequest@request-headers"><![CDATA[<xml-fragment xmlns:con="http://eviware.com/soapui/config">
  <con:entry key="x-axahk-msgid" value="RPL_05"/>
  <con:entry key="x-axahk-sourcesystem" value="xxxx"/>
  <con:entry key="x-axahk-channelcode" value="MyAXA"/>
  <con:entry key="x-axahk-lob" value="Life"/>
</xml-fragment>]]></con:setting></con:settings><con:endpoint>http://10.144.66.148:5590</con:endpoint><con:request/><con:originalUri>http://10.144.66.146/rest/AXAHK_BusinessAPI_TCS/v1/restsvc/payment/payments</con:originalUri><con:credentials><con:authType>No Authorization</con:authType></con:credentials><con:jmsConfig JMSDeliveryMode="PERSISTENT"/><con:jmsPropertyConfig/><con:parameters><entry key="policyNumber" value="501-6394826" xmlns="http://eviware.com/soapui/config"/></con:parameters><con:parameterOrder><con:entry>policyNumber</con:entry></con:parameterOrder></con:request><con:request name="RPL_07: Failure: Header parameter, msgid(blank)" id="fd6d7479-2ee2-4f3a-b321-1dbf9183996f" mediaType="application/json"><con:settings><con:setting id="com.eviware.soapui.impl.wsdl.WsdlRequest@request-headers"><![CDATA[<xml-fragment xmlns:con="http://eviware.com/soapui/config">
  <con:entry key="x-axahk-msgid" value=""/>
  <con:entry key="x-axahk-sourcesystem" value="RLS"/>
  <con:entry key="x-axahk-channelcode" value="MyAXA"/>
  <con:entry key="x-axahk-lob" value="Life"/>
</xml-fragment>]]></con:setting></con:settings><con:endpoint>http://10.144.66.148:5590</con:endpoint><con:request/><con:originalUri>http://10.144.66.146/rest/AXAHK_BusinessAPI_TCS/v1/restsvc/payment/payments</con:originalUri><con:credentials><con:authType>No Authorization</con:authType></con:credentials><con:jmsConfig JMSDeliveryMode="PERSISTENT"/><con:jmsPropertyConfig/><con:parameters><entry key="policyNumber" value="501-6394826" xmlns="http://eviware.com/soapui/config"/></con:parameters><con:parameterOrder><con:entry>policyNumber</con:entry></con:parameterOrder></con:request><con:request name="RPL_08: Failure: Header parameter, lob(blank)" id="fd6d7479-2ee2-4f3a-b321-1dbf9183996f" mediaType="application/json"><con:settings><con:setting id="com.eviware.soapui.impl.wsdl.WsdlRequest@request-headers"><![CDATA[<xml-fragment xmlns:con="http://eviware.com/soapui/config">
  <con:entry key="x-axahk-msgid" value="RPL_08"/>
  <con:entry key="x-axahk-sourcesystem" value="RLS"/>
  <con:entry key="x-axahk-channelcode" value="MyAXA"/>
  <con:entry key="x-axahk-lob" value=""/>
</xml-fragment>]]></con:setting></con:settings><con:endpoint>http://10.144.66.148:5590</con:endpoint><con:request/><con:originalUri>http://10.144.66.146/rest/AXAHK_BusinessAPI_TCS/v1/restsvc/payment/payments</con:originalUri><con:credentials><con:authType>No Authorization</con:authType></con:credentials><con:jmsConfig JMSDeliveryMode="PERSISTENT"/><con:jmsPropertyConfig/><con:parameters><entry key="policyNumber" value="501-6394826" xmlns="http://eviware.com/soapui/config"/></con:parameters><con:parameterOrder><con:entry>policyNumber</con:entry></con:parameterOrder></con:request><con:request name="RPL_09: Failure: Header parameter, lob(invalid)" id="fd6d7479-2ee2-4f3a-b321-1dbf9183996f" mediaType="application/json"><con:settings><con:setting id="com.eviware.soapui.impl.wsdl.WsdlRequest@request-headers"><![CDATA[<xml-fragment xmlns:con="http://eviware.com/soapui/config">
  <con:entry key="x-axahk-msgid" value="RPL_09"/>
  <con:entry key="x-axahk-sourcesystem" value="RLS"/>
  <con:entry key="x-axahk-channelcode" value="MyAXA"/>
  <con:entry key="x-axahk-lob" value="xxxx"/>
</xml-fragment>]]></con:setting></con:settings><con:endpoint>http://10.144.66.148:5590</con:endpoint><con:request/><con:originalUri>http://10.144.66.146/rest/AXAHK_BusinessAPI_TCS/v1/restsvc/payment/payments</con:originalUri><con:credentials><con:authType>No Authorization</con:authType></con:credentials><con:jmsConfig JMSDeliveryMode="PERSISTENT"/><con:jmsPropertyConfig/><con:parameters><entry key="policyNumber" value="501-6394826" xmlns="http://eviware.com/soapui/config"/></con:parameters><con:parameterOrder><con:entry>policyNumber</con:entry></con:parameterOrder></con:request><con:request name="RPL_10: Failure: policyNumber(blank)" id="fd6d7479-2ee2-4f3a-b321-1dbf9183996f" mediaType="application/json"><con:settings><con:setting id="com.eviware.soapui.impl.wsdl.WsdlRequest@request-headers"><![CDATA[<xml-fragment xmlns:con="http://eviware.com/soapui/config">
  <con:entry key="x-axahk-msgid" value="RPL_13"/>
  <con:entry key="x-axahk-sourcesystem" value="RLS"/>
  <con:entry key="x-axahk-channelcode" value="MyAXA"/>
  <con:entry key="x-axahk-lob" value="Life"/>
</xml-fragment>]]></con:setting></con:settings><con:endpoint>http://10.144.66.148:5590</con:endpoint><con:request/><con:originalUri>http://10.144.66.146/rest/AXAHK_BusinessAPI_TCS/v1/restsvc/payment/payments</con:originalUri><con:credentials><con:authType>No Authorization</con:authType></con:credentials><con:jmsConfig JMSDeliveryMode="PERSISTENT"/><con:jmsPropertyConfig/><con:parameters/><con:parameterOrder><con:entry>policyNumber</con:entry></con:parameterOrder></con:request><con:request name="RPL_11: Failure: policyNumber(invalid)" id="fd6d7479-2ee2-4f3a-b321-1dbf9183996f" mediaType="application/json"><con:settings><con:setting id="com.eviware.soapui.impl.wsdl.WsdlRequest@request-headers"><![CDATA[<xml-fragment xmlns:con="http://eviware.com/soapui/config">
  <con:entry key="x-axahk-msgid" value="RPL_14"/>
  <con:entry key="x-axahk-sourcesystem" value="RLS"/>
  <con:entry key="x-axahk-channelcode" value="MyAXA"/>
  <con:entry key="x-axahk-lob" value="Life"/>
</xml-fragment>]]></con:setting></con:settings><con:endpoint>http://10.144.66.148:5590</con:endpoint><con:request/><con:originalUri>http://10.144.66.146/rest/AXAHK_BusinessAPI_TCS/v1/restsvc/payment/payments</con:originalUri><con:credentials><con:authType>No Authorization</con:authType></con:credentials><con:jmsConfig JMSDeliveryMode="PERSISTENT"/><con:jmsPropertyConfig/><con:parameters><entry key="policyNumber" value="xxxx" xmlns="http://eviware.com/soapui/config"/></con:parameters><con:parameterOrder><con:entry>policyNumber</con:entry></con:parameterOrder></con:request></con:method></con:resource></con:interface><con:properties/><con:wssContainer/><con:oAuth2ProfileContainer/><con:sensitiveInformation/></con:soapui-project>